MonthDay;Hour of day;Consumption;Rate
11/25;0;0.3;Off-peak
11/25;1;0.39;Off-peak
11/25;2;0.33;Off-peak
11/25;3;0.27;Off-peak
11/25;4;0.29;Off-peak
11/25;5;0.29;Off-peak
11/25;6;0.29;Off-peak
11/25;7;0.28;Off-peak
11/25;8;0.31;On-peak
11/25;9;0.33;On-peak
11/25;10;0.48;On-peak
11/25;11;0.47;On-peak
11/25;12;0.47;Mid-peak
11/25;13;0.48;Mid-peak
11/25;14;0.42;Mid-peak
11/25;15;0.34;Mid-peak
11/25;16;0.36;Mid-peak
11/25;17;0.3;Mid-peak
11/25;18;0.32;On-peak
11/25;19;0.3;On-peak
11/25;20;0.39;Off-peak
11/25;21;0.36;Off-peak
11/25;22;0.39;Off-peak
11/25;23;0.37;Off-peak
11/26;0;0.3;Off-peak
11/26;1;0.3;Off-peak
11/26;2;0.26;Off-peak
11/26;3;0.27;Off-peak
11/26;4;0.27;Off-peak
11/26;5;0.29;Off-peak
11/26;6;0.28;Off-peak
11/26;7;0.26;Off-peak
11/26;8;0.27;Off-peak
11/26;9;0.29;Off-peak
11/26;10;0.29;Off-peak
11/26;11;0.3;Off-peak
11/26;12;0.26;Off-peak
11/26;13;2.35;Off-peak
11/26;14;0.65;Off-peak
11/26;15;0.32;Off-peak
11/26;16;0.35;Off-peak
11/26;17;0.42;Off-peak
11/26;18;0.35;Off-peak
11/26;19;0.33;Off-peak
11/26;20;0.33;Off-peak
11/26;21;0.32;Off-peak
11/26;22;0.31;Off-peak
11/26;23;0.31;Off-peak
11/27;0;0.37;Off-peak
11/27;1;0.32;Off-peak
11/27;2;0.31;Off-peak
11/27;3;0.26;Off-peak
11/27;4;0.29;Off-peak
11/27;5;0.28;Off-peak
11/27;6;0.27;Off-peak
11/27;7;0.27;Off-peak
11/27;8;0.26;Off-peak
11/27;9;0.28;Off-peak
11/27;10;1.57;Off-peak
11/27;11;4.19;Off-peak
11/27;12;0.41;Off-peak
11/27;13;0.38;Off-peak
11/27;14;0.29;Off-peak
11/27;15;0.34;Off-peak
11/27;16;0.3;Off-peak
11/27;17;0.27;Off-peak
11/27;18;0.26;Off-peak
11/27;19;0.47;Off-peak
11/27;20;0.3;Off-peak
11/27;21;0.3;Off-peak
11/27;22;0.69;Off-peak
11/27;23;0.73;Off-peak
11/28;0;0.41;Off-peak
11/28;1;0.31;Off-peak
11/28;2;0.31;Off-peak
11/28;3;0.29;Off-peak
11/28;4;0.29;Off-peak
11/28;5;0.32;Off-peak
11/28;6;0.29;Off-peak
11/28;7;0.32;Off-peak
11/28;8;0.36;On-peak
11/28;9;0.38;On-peak
11/28;10;2.54;On-peak
11/28;11;0.52;On-peak
11/28;12;0.37;Mid-peak
11/28;13;0.31;Mid-peak
11/28;14;0.26;Mid-peak
11/28;15;0.31;Mid-peak
11/28;16;0.36;Mid-peak
11/28;17;0.32;Mid-peak
11/28;18;0.3;On-peak
11/28;19;0.37;On-peak
11/28;20;0.56;Off-peak
11/28;21;0.45;Off-peak
11/28;22;0.42;Off-peak
11/28;23;0.52;Off-peak
11/29;0;0.44;Off-peak
11/29;1;0.3;Off-peak
11/29;2;0.3;Off-peak
11/29;3;0.3;Off-peak
11/29;4;0.29;Off-peak
11/29;5;0.3;Off-peak
11/29;6;0.27;Off-peak
11/29;7;0.4;Off-peak
11/29;8;0.31;On-peak
11/29;9;0.26;On-peak
11/29;10;0.28;On-peak
11/29;11;0.27;On-peak
11/29;12;0.39;Mid-peak
11/29;13;0.41;Mid-peak
11/29;14;0.39;Mid-peak
11/29;15;0.41;Mid-peak
11/29;16;0.38;Mid-peak
11/29;17;0.37;Mid-peak
11/29;18;0.48;On-peak
11/29;19;0.5;On-peak
11/29;20;0.41;Off-peak
11/29;21;0.5;Off-peak
11/29;22;0.47;Off-peak
11/29;23;0.43;Off-peak
11/30;0;0.41;Off-peak
11/30;1;0.35;Off-peak
11/30;2;0.31;Off-peak
11/30;3;0.3;Off-peak
11/30;4;0.3;Off-peak
11/30;5;0.31;Off-peak
11/30;6;0.3;Off-peak
11/30;7;0.32;Off-peak
11/30;8;0.33;On-peak
11/30;9;0.27;On-peak
11/30;10;0.43;On-peak
11/30;11;0.36;On-peak
11/30;12;0.35;Mid-peak
11/30;13;0.38;Mid-peak
11/30;14;0.35;Mid-peak
11/30;15;0.34;Mid-peak
11/30;16;0.37;Mid-peak
11/30;17;0.38;Mid-peak
11/30;18;0.7;On-peak
11/30;19;0.44;On-peak
11/30;20;0.5;Off-peak
11/30;21;0.7;Off-peak
11/30;22;0.63;Off-peak
11/30;23;0.62;Off-peak
12/1;0;0.52;Off-peak
12/1;1;0.31;Off-peak
12/1;2;0.29;Off-peak
12/1;3;0.28;Off-peak
12/1;4;0.3;Off-peak
12/1;5;0.3;Off-peak
12/1;6;0.3;Off-peak
12/1;7;0.37;Off-peak
12/1;8;0.29;On-peak
12/1;9;0.34;On-peak
12/1;10;0.36;On-peak
12/1;11;0.34;On-peak
12/1;12;1.26;Mid-peak
12/1;13;0.59;Mid-peak
12/1;14;0.24;Mid-peak
12/1;15;0.28;Mid-peak
12/1;16;0.33;Mid-peak
12/1;17;0.32;Mid-peak
12/1;18;0.5;On-peak
12/1;19;0.48;On-peak
12/1;20;0.51;Off-peak
12/1;21;0.46;Off-peak
12/1;22;0.45;Off-peak
12/1;23;0.43;Off-peak
12/2;0;0.32;Off-peak
12/2;1;0.35;Off-peak
12/2;2;0.31;Off-peak
12/2;3;0.27;Off-peak
12/2;4;0.3;Off-peak
12/2;5;0.31;Off-peak
12/2;6;0.29;Off-peak
12/2;7;0.28;Off-peak
12/2;8;0.36;On-peak
12/2;9;0.33;On-peak
12/2;10;0.44;On-peak
12/2;11;0.42;On-peak
12/2;12;0.67;Mid-peak
12/2;13;0.43;Mid-peak
12/2;14;0.52;Mid-peak
12/2;15;0.35;Mid-peak
12/2;16;0.45;Mid-peak
12/2;17;0.38;Mid-peak
12/2;18;0.32;On-peak
12/2;19;0.3;On-peak
12/2;20;0.36;Off-peak
12/2;21;0.33;Off-peak
12/2;22;0.46;Off-peak
12/2;23;0.36;Off-peak
12/3;0;0.37;Off-peak
12/3;1;0.31;Off-peak
12/3;2;0.28;Off-peak
12/3;3;0.3;Off-peak
12/3;4;0.33;Off-peak
12/3;5;0.32;Off-peak
12/3;6;0.3;Off-peak
12/3;7;0.31;Off-peak
12/3;8;0.29;Off-peak
12/3;9;0.39;Off-peak
12/3;10;0.38;Off-peak
12/3;11;0.34;Off-peak
12/3;12;0.34;Off-peak
12/3;13;0.32;Off-peak
12/3;14;0.3;Off-peak
12/3;15;0.28;Off-peak
12/3;16;0.26;Off-peak
12/3;17;0.3;Off-peak
12/3;18;0.26;Off-peak
12/3;19;0.38;Off-peak
12/3;20;0.35;Off-peak
12/3;21;0.46;Off-peak
12/3;22;0.44;Off-peak
12/3;23;0.4;Off-peak
12/4;0;0.41;Off-peak
12/4;1;0.33;Off-peak
12/4;2;0.29;Off-peak
12/4;3;0.27;Off-peak
12/4;4;0.3;Off-peak
12/4;5;0.31;Off-peak
12/4;6;0.28;Off-peak
12/4;7;0.28;Off-peak
12/4;8;0.26;Off-peak
12/4;9;0.38;Off-peak
12/4;10;0.37;Off-peak
12/4;11;0.32;Off-peak
12/4;12;0.29;Off-peak
12/4;13;0.32;Off-peak
12/4;14;0.35;Off-peak
12/4;15;0.3;Off-peak
12/4;16;0.34;Off-peak
12/4;17;2;Off-peak
12/4;18;4.79;Off-peak
12/4;19;0.62;Off-peak
12/4;20;2.15;Off-peak
12/4;21;1.51;Off-peak
12/4;22;3.05;Off-peak
12/4;23;0.39;Off-peak
12/5;0;0.31;Off-peak
12/5;1;0.33;Off-peak
12/5;2;0.27;Off-peak
12/5;3;0.26;Off-peak
12/5;4;0.28;Off-peak
12/5;5;0.41;Off-peak
12/5;6;0.28;Off-peak
12/5;7;0.3;Off-peak
12/5;8;0.37;On-peak
12/5;9;0.26;On-peak
12/5;10;0.36;On-peak
12/5;11;0.35;On-peak
12/5;12;0.4;Mid-peak
12/5;13;0.4;Mid-peak
12/5;14;0.35;Mid-peak
12/5;15;0.35;Mid-peak
12/5;16;0.42;Mid-peak
12/5;17;0.36;Mid-peak
12/5;18;0.31;On-peak
12/5;19;0.38;On-peak
12/5;20;0.54;Off-peak
12/5;21;0.51;Off-peak
12/5;22;0.46;Off-peak
12/5;23;0.36;Off-peak
12/6;0;0.41;Off-peak
12/6;1;0.3;Off-peak
12/6;2;0.27;Off-peak
12/6;3;0.28;Off-peak
12/6;4;0.31;Off-peak
12/6;5;0.3;Off-peak
12/6;6;0.28;Off-peak
12/6;7;0.31;Off-peak
12/6;8;0.34;On-peak
12/6;9;0.28;On-peak
12/6;10;1.11;On-peak
12/6;11;1.62;On-peak
12/6;12;0.93;Mid-peak
12/6;13;0.36;Mid-peak
12/6;14;0.27;Mid-peak
12/6;15;0.34;Mid-peak
12/6;16;0.5;Mid-peak
12/6;17;0.35;Mid-peak
12/6;18;0.4;On-peak
12/6;19;0.48;On-peak
12/6;20;0.46;Off-peak
12/6;21;0.45;Off-peak
12/6;22;0.5;Off-peak
12/6;23;0.48;Off-peak
12/7;0;0.4;Off-peak
12/7;1;0.33;Off-peak
12/7;2;0.28;Off-peak
12/7;3;0.29;Off-peak
12/7;4;0.3;Off-peak
12/7;5;0.31;Off-peak
12/7;6;0.28;Off-peak
12/7;7;0.4;Off-peak
12/7;8;0.29;On-peak
12/7;9;0.27;On-peak
12/7;10;0.33;On-peak
12/7;11;0.36;On-peak
12/7;12;1.82;Mid-peak
12/7;13;0.37;Mid-peak
12/7;14;0.29;Mid-peak
12/7;15;0.33;Mid-peak
12/7;16;0.39;Mid-peak
12/7;17;0.34;Mid-peak
12/7;18;0.43;On-peak
12/7;19;0.39;On-peak
12/7;20;0.37;Off-peak
12/7;21;0.44;Off-peak
12/7;22;0.43;Off-peak
12/7;23;0.54;Off-peak
12/8;0;0.32;Off-peak
12/8;1;0.32;Off-peak
12/8;2;0.3;Off-peak
12/8;3;0.38;Off-peak
12/8;4;0.31;Off-peak
12/8;5;0.3;Off-peak
12/8;6;0.29;Off-peak
12/8;7;0.38;Off-peak
12/8;8;0.28;On-peak
12/8;9;0.3;On-peak
12/8;10;0.34;On-peak
12/8;11;1.15;On-peak
12/8;12;1.36;Mid-peak
12/8;13;0.32;Mid-peak
12/8;14;0.27;Mid-peak
12/8;15;0.29;Mid-peak
12/8;16;0.4;Mid-peak
12/8;17;0.36;Mid-peak
12/8;18;0.43;On-peak
12/8;19;0.42;On-peak
12/8;20;0.31;Off-peak
12/8;21;0.36;Off-peak
12/8;22;0.41;Off-peak
12/8;23;0.4;Off-peak
12/9;0;0.3;Off-peak
12/9;1;0.28;Off-peak
12/9;2;0.27;Off-peak
12/9;3;0.25;Off-peak
12/9;4;0.29;Off-peak
12/9;5;0.29;Off-peak
12/9;6;0.26;Off-peak
12/9;7;0.33;Off-peak
12/9;8;0.34;On-peak
12/9;9;0.28;On-peak
12/9;10;0.4;On-peak
12/9;11;0.33;On-peak
12/9;12;0.39;Mid-peak
12/9;13;0.4;Mid-peak
12/9;14;0.27;Mid-peak
12/9;15;0.34;Mid-peak
12/9;16;0.42;Mid-peak
12/9;17;0.37;Mid-peak
12/9;18;0.32;On-peak
12/9;19;0.29;On-peak
12/9;20;0.34;Off-peak
12/9;21;0.28;Off-peak
12/9;22;0.29;Off-peak
12/9;23;0.31;Off-peak
12/10;0;0.32;Off-peak
12/10;1;0.31;Off-peak
12/10;2;0.27;Off-peak
12/10;3;0.26;Off-peak
12/10;4;0.28;Off-peak
12/10;5;0.28;Off-peak
12/10;6;0.27;Off-peak
12/10;7;0.28;Off-peak
12/10;8;0.38;Off-peak
12/10;9;0.41;Off-peak
12/10;10;0.47;Off-peak
12/10;11;3.63;Off-peak
12/10;12;0.42;Off-peak
12/10;13;0.36;Off-peak
12/10;14;0.47;Off-peak
12/10;15;0.31;Off-peak
12/10;16;0.3;Off-peak
12/10;17;3.73;Off-peak
12/10;18;0.59;Off-peak
12/10;19;0.5;Off-peak
12/10;20;0.32;Off-peak
12/10;21;0.32;Off-peak
12/10;22;0.32;Off-peak
12/10;23;0.3;Off-peak
12/11;0;0.39;Off-peak
12/11;1;0.31;Off-peak
12/11;2;0.28;Off-peak
12/11;3;0.27;Off-peak
12/11;4;0.37;Off-peak
12/11;5;0.3;Off-peak
12/11;6;0.28;Off-peak
12/11;7;0.28;Off-peak
12/11;8;0.3;Off-peak
12/11;9;0.52;Off-peak
12/11;10;0.52;Off-peak
12/11;11;0.44;Off-peak
12/11;12;0.36;Off-peak
12/11;13;0.25;Off-peak
12/11;14;0.28;Off-peak
12/11;15;0.3;Off-peak
12/11;16;0.4;Off-peak
12/11;17;0.28;Off-peak
12/11;18;0.37;Off-peak
12/11;19;0.8;Off-peak
12/11;20;0.68;Off-peak
12/11;21;0.75;Off-peak
12/11;22;0.67;Off-peak
12/11;23;0.52;Off-peak
12/12;0;0.44;Off-peak
12/12;1;0.34;Off-peak
12/12;2;0.28;Off-peak
12/12;3;0.29;Off-peak
12/12;4;0.28;Off-peak
12/12;5;0.32;Off-peak
12/12;6;0.28;Off-peak
12/12;7;0.4;Off-peak
12/12;8;0.35;On-peak
12/12;9;0.27;On-peak
12/12;10;3.33;On-peak
12/12;11;0.37;On-peak
12/12;12;0.36;Mid-peak
12/12;13;0.75;Mid-peak
12/12;14;0.35;Mid-peak
12/12;15;0.35;Mid-peak
12/12;16;0.35;Mid-peak
12/12;17;0.33;Mid-peak
12/12;18;0.31;On-peak
12/12;19;0.41;On-peak
12/12;20;0.89;Off-peak
12/12;21;0.43;Off-peak
12/12;22;0.54;Off-peak
12/12;23;0.45;Off-peak
12/13;0;0.39;Off-peak
12/13;1;0.34;Off-peak
12/13;2;0.27;Off-peak
12/13;3;0.26;Off-peak
12/13;4;0.32;Off-peak
12/13;5;0.29;Off-peak
12/13;6;0.28;Off-peak
12/13;7;0.32;Off-peak
12/13;8;0.33;On-peak
12/13;9;0.27;On-peak
12/13;10;0.32;On-peak
12/13;11;0.82;On-peak
12/13;12;1.46;Mid-peak
12/13;13;0.35;Mid-peak
12/13;14;0.27;Mid-peak
12/13;15;0.26;Mid-peak
12/13;16;0.35;Mid-peak
12/13;17;0.34;Mid-peak
12/13;18;0.46;On-peak
12/13;19;0.49;On-peak
12/13;20;0.4;Off-peak
12/13;21;0.4;Off-peak
12/13;22;0.5;Off-peak
12/13;23;0.4;Off-peak
12/14;0;0.37;Off-peak
12/14;1;0.28;Off-peak
12/14;2;0.29;Off-peak
12/14;3;0.28;Off-peak
12/14;4;0.28;Off-peak
12/14;5;0.4;Off-peak
12/14;6;0.31;Off-peak
12/14;7;0.3;Off-peak
12/14;8;0.33;On-peak
12/14;9;0.26;On-peak
12/14;10;0.32;On-peak
12/14;11;0.35;On-peak
12/14;12;0.53;Mid-peak
12/14;13;0.56;Mid-peak
12/14;14;0.33;Mid-peak
12/14;15;0.33;Mid-peak
12/14;16;0.39;Mid-peak
12/14;17;0.36;Mid-peak
12/14;18;0.45;On-peak
12/14;19;0.4;On-peak
12/14;20;0.48;Off-peak
12/14;21;0.44;Off-peak
12/14;22;0.56;Off-peak
12/14;23;0.43;Off-peak
12/15;0;0.39;Off-peak
12/15;1;0.3;Off-peak
12/15;2;0.27;Off-peak
12/15;3;0.27;Off-peak
12/15;4;0.31;Off-peak
12/15;5;0.29;Off-peak
12/15;6;0.28;Off-peak
12/15;7;0.3;Off-peak
12/15;8;0.33;On-peak
12/15;9;0.28;On-peak
12/15;10;0.34;On-peak
12/15;11;0.39;On-peak
12/15;12;0.47;Mid-peak
12/15;13;0.47;Mid-peak
12/15;14;0.37;Mid-peak
12/15;15;0.32;Mid-peak
12/15;16;0.38;Mid-peak
12/15;17;0.47;Mid-peak
12/15;18;0.62;On-peak
12/15;19;0.54;On-peak
12/15;20;0.37;Off-peak
12/15;21;0.48;Off-peak
12/15;22;0.45;Off-peak
12/15;23;0.4;Off-peak
12/16;0;0.32;Off-peak
12/16;1;0.32;Off-peak
12/16;2;0.27;Off-peak
12/16;3;0.28;Off-peak
12/16;4;0.3;Off-peak
12/16;5;0.29;Off-peak
12/16;6;0.28;Off-peak
12/16;7;0.32;Off-peak
12/16;8;0.33;On-peak
12/16;9;0.36;On-peak
12/16;10;0.37;On-peak
12/16;11;0.33;On-peak
12/16;12;0.35;Mid-peak
12/16;13;0.39;Mid-peak
12/16;14;0.4;Mid-peak
12/16;15;0.34;Mid-peak
12/16;16;0.25;Mid-peak
12/16;17;0.38;Mid-peak
12/16;18;0.31;On-peak
12/16;19;0.28;On-peak
12/16;20;0.34;Off-peak
12/16;21;0.32;Off-peak
12/16;22;0.41;Off-peak
12/16;23;0.35;Off-peak
12/17;0;0.3;Off-peak
12/17;1;0.28;Off-peak
12/17;2;0.29;Off-peak
12/17;3;0.31;Off-peak
12/17;4;0.29;Off-peak
12/17;5;0.31;Off-peak
12/17;6;0.29;Off-peak
12/17;7;0.26;Off-peak
12/17;8;0.38;Off-peak
12/17;9;0.37;Off-peak
12/17;10;0.34;Off-peak
12/17;11;0.41;Off-peak
12/17;12;0.3;Off-peak
12/17;13;0.28;Off-peak
12/17;14;0.28;Off-peak
12/17;15;0.48;Off-peak
12/17;16;0.43;Off-peak
12/17;17;1.29;Off-peak
12/17;18;3.74;Off-peak
12/17;19;0.48;Off-peak
12/17;20;0.29;Off-peak
12/17;21;0.28;Off-peak
12/17;22;0.3;Off-peak
12/17;23;0.27;Off-peak
12/18;0;0.39;Off-peak
12/18;1;0.29;Off-peak
12/18;2;0.31;Off-peak
12/18;3;0.29;Off-peak
12/18;4;0.27;Off-peak
12/18;5;0.29;Off-peak
12/18;6;0.26;Off-peak
12/18;7;0.27;Off-peak
12/18;8;0.72;Off-peak
12/18;9;0.68;Off-peak
12/18;10;0.53;Off-peak
12/18;11;0.4;Off-peak
12/18;12;1.47;Off-peak
12/18;13;0.83;Off-peak
12/18;14;0.59;Off-peak
12/18;15;0.62;Off-peak
12/18;16;0.61;Off-peak
12/18;17;0.67;Off-peak
12/18;18;0.94;Off-peak
12/18;19;0.78;Off-peak
12/18;20;3.35;Off-peak
12/18;21;0.44;Off-peak
12/18;22;0.42;Off-peak
12/18;23;0.39;Off-peak
12/19;0;0.35;Off-peak
12/19;1;0.31;Off-peak
12/19;2;0.28;Off-peak
12/19;3;0.28;Off-peak
12/19;4;0.31;Off-peak
12/19;5;0.3;Off-peak
12/19;6;0.29;Off-peak
12/19;7;0.3;Off-peak
12/19;8;0.32;On-peak
12/19;9;0.26;On-peak
12/19;10;0.35;On-peak
12/19;11;0.35;On-peak
12/19;12;1.56;Mid-peak
12/19;13;0.81;Mid-peak
12/19;14;0.35;Mid-peak
12/19;15;0.37;Mid-peak
12/19;16;0.43;Mid-peak
12/19;17;0.37;Mid-peak
12/19;18;0.29;On-peak
12/19;19;0.31;On-peak
12/19;20;0.67;Off-peak
12/19;21;1.27;Off-peak
12/19;22;1.08;Off-peak
12/19;23;0.46;Off-peak
12/20;0;0.41;Off-peak
12/20;1;0.31;Off-peak
12/20;2;0.29;Off-peak
12/20;3;0.28;Off-peak
12/20;4;0.3;Off-peak
12/20;5;0.42;Off-peak
12/20;6;0.38;Off-peak
12/20;7;0.28;Off-peak
12/20;8;0.28;On-peak
12/20;9;0.31;On-peak
12/20;10;0.38;On-peak
12/20;11;0.4;On-peak
12/20;12;0.34;Mid-peak
12/20;13;0.38;Mid-peak
12/20;14;0.29;Mid-peak
12/20;15;0.25;Mid-peak
12/20;16;0.35;Mid-peak
12/20;17;0.38;Mid-peak
12/20;18;0.59;On-peak
12/20;19;0.5;On-peak
12/20;20;0.5;Off-peak
12/20;21;0.47;Off-peak
12/20;22;0.42;Off-peak
12/20;23;0.41;Off-peak
12/21;0;0.28;Off-peak
12/21;1;0.33;Off-peak
12/21;2;0.3;Off-peak
12/21;3;0.29;Off-peak
12/21;4;0.29;Off-peak
12/21;5;0.31;Off-peak
12/21;6;0.28;Off-peak
12/21;7;0.29;Off-peak
12/21;8;0.4;On-peak
12/21;9;0.29;On-peak
12/21;10;0.39;On-peak
12/21;11;0.39;On-peak
12/21;12;1.82;Mid-peak
12/21;13;0.58;Mid-peak
12/21;14;0.3;Mid-peak
12/21;15;0.26;Mid-peak
12/21;16;0.42;Mid-peak
12/21;17;0.37;Mid-peak
12/21;18;0.31;On-peak
12/21;19;0.29;On-peak
12/21;20;0.28;Off-peak
12/21;21;0.3;Off-peak
12/21;22;0.27;Off-peak
12/21;23;0.28;Off-peak
12/22;0;0.42;Off-peak
12/22;1;0.27;Off-peak
12/22;2;0.3;Off-peak
12/22;3;0.25;Off-peak
12/22;4;0.29;Off-peak
12/22;5;0.26;Off-peak
12/22;6;0.26;Off-peak
12/22;7;0.27;Off-peak
12/22;8;0.29;On-peak
12/22;9;0.29;On-peak
12/22;10;0.35;On-peak
12/22;11;0.34;On-peak
12/22;12;0.35;Mid-peak
12/22;13;0.38;Mid-peak
12/22;14;0.34;Mid-peak
12/22;15;0.26;Mid-peak
12/22;16;0.33;Mid-peak
12/22;17;0.34;Mid-peak
12/22;18;0.35;On-peak
12/22;19;0.46;On-peak
12/22;20;0.38;Off-peak
12/22;21;0.46;Off-peak
12/22;22;1.64;Off-peak
12/22;23;0.43;Off-peak
12/23;0;1.4;Off-peak
12/23;1;0.31;Off-peak
12/23;2;0.31;Off-peak
12/23;3;0.28;Off-peak
12/23;4;0.38;Off-peak
12/23;5;0.32;Off-peak
12/23;6;0.28;Off-peak
12/23;7;0.3;Off-peak
12/23;8;0.37;On-peak
12/23;9;0.27;On-peak
12/23;10;0.36;On-peak
12/23;11;0.34;On-peak
12/23;12;0.32;Mid-peak
12/23;13;0.51;Mid-peak
12/23;14;0.33;Mid-peak
12/23;15;0.31;Mid-peak
12/23;16;0.38;Mid-peak
12/23;17;0.56;Mid-peak
12/23;18;0.89;On-peak
12/23;19;0.74;On-peak
12/23;20;0.68;Off-peak
12/23;21;0.67;Off-peak
12/23;22;1.04;Off-peak
12/23;23;3.23;Off-peak
12/24;0;0.71;Off-peak
12/24;1;0.32;Off-peak
12/24;2;0.29;Off-peak
12/24;3;0.29;Off-peak
12/24;4;0.3;Off-peak
12/24;5;0.32;Off-peak
12/24;6;0.28;Off-peak
12/24;7;0.31;Off-peak
12/24;8;0.29;Off-peak
12/24;9;0.3;Off-peak
12/24;10;0.35;Off-peak
12/24;11;0.42;Off-peak
12/24;12;0.27;Off-peak
12/24;13;0.47;Off-peak
12/24;14;3.66;Off-peak
12/24;15;0.53;Off-peak
12/24;16;1.45;Off-peak
12/24;17;1;Off-peak
12/24;18;0.66;Off-peak
12/24;19;1.59;Off-peak
12/24;20;2.09;Off-peak
12/24;21;0.79;Off-peak
12/24;22;0.66;Off-peak
12/24;23;0.63;Off-peak
12/25;0;0.42;Off-peak
12/25;1;0.46;Off-peak
12/25;2;0.31;Off-peak
12/25;3;0.29;Off-peak
12/25;4;0.32;Off-peak
12/25;5;0.32;Off-peak
12/25;6;0.29;Off-peak
12/25;7;0.3;Off-peak
12/25;8;0.3;Off-peak
12/25;9;0.29;Off-peak
12/25;10;0.37;Off-peak
12/25;11;0.73;Off-peak
12/25;12;0.4;Off-peak
12/25;13;0.31;Off-peak
12/25;14;0.27;Off-peak
12/25;15;0.26;Off-peak
12/25;16;0.28;Off-peak
12/25;17;0.26;Off-peak
12/25;18;0.27;Off-peak
12/25;19;0.27;Off-peak
12/25;20;0.28;Off-peak
12/25;21;0.27;Off-peak
12/25;22;0.28;Off-peak
12/25;23;0.34;Off-peak
12/26;0;0.44;Off-peak
12/26;1;0.4;Off-peak
12/26;2;0.31;Off-peak
12/26;3;0.28;Off-peak
12/26;4;0.3;Off-peak
12/26;5;0.31;Off-peak
12/26;6;0.28;Off-peak
12/26;7;0.29;Off-peak
12/26;8;0.28;Off-peak
12/26;9;0.35;Off-peak
12/26;10;0.87;Off-peak
12/26;11;0.5;Off-peak
12/26;12;0.62;Off-peak
12/26;13;3.84;Off-peak
12/26;14;1.6;Off-peak
12/26;15;3;Off-peak
12/26;16;0.27;Off-peak
12/26;17;0.55;Off-peak
12/26;18;0.67;Off-peak
12/26;19;0.6;Off-peak
12/26;20;0.48;Off-peak
12/26;21;0.42;Off-peak
12/26;22;0.59;Off-peak
12/26;23;0.43;Off-peak
12/27;0;0.46;Off-peak
12/27;1;0.41;Off-peak
12/27;2;0.35;Off-peak
12/27;3;0.28;Off-peak
12/27;4;0.31;Off-peak
12/27;5;0.3;Off-peak
12/27;6;0.32;Off-peak
12/27;7;0.12;Off-peak
12/27;8;0.12;Off-peak
12/27;9;0.13;Off-peak
12/27;10;0.16;Off-peak
12/27;11;0.33;Off-peak
12/27;12;0.27;Off-peak
12/27;13;0.28;Off-peak
12/27;14;0.31;Off-peak
12/27;15;0.43;Off-peak
12/27;16;0.37;Off-peak
12/27;17;0.5;Off-peak
12/27;18;1.2;Off-peak
12/27;19;1.8;Off-peak
12/27;20;0.46;Off-peak
12/27;21;1.9;Off-peak
12/27;22;0.77;Off-peak
12/27;23;0.44;Off-peak
12/28;0;0.38;Off-peak
12/28;1;0.44;Off-peak
12/28;2;0.38;Off-peak
12/28;3;0.28;Off-peak
12/28;4;0.28;Off-peak
12/28;5;0.31;Off-peak
12/28;6;0.26;Off-peak
12/28;7;0.3;Off-peak
12/28;8;0.36;On-peak
12/28;9;0.31;On-peak
12/28;10;1.47;On-peak
12/28;11;0.6;On-peak
12/28;12;0.35;Mid-peak
12/28;13;0.32;Mid-peak
12/28;14;0.34;Mid-peak
12/28;15;0.32;Mid-peak
12/28;16;0.33;Mid-peak
12/28;17;0.46;Mid-peak
12/28;18;0.31;On-peak
12/28;19;0.42;On-peak
12/28;20;0.33;Off-peak
12/28;21;0.31;Off-peak
12/28;22;0.32;Off-peak
12/28;23;0.31;Off-peak
12/29;0;0.36;Off-peak
12/29;1;0.45;Off-peak
12/29;2;0.31;Off-peak
12/29;3;0.29;Off-peak
12/29;4;0.3;Off-peak
12/29;5;0.29;Off-peak
12/29;6;0.29;Off-peak
12/29;7;0.28;Off-peak
12/29;8;0.3;On-peak
12/29;9;0.31;On-peak
12/29;10;0.32;On-peak
12/29;11;0.76;On-peak
12/29;12;0.84;Mid-peak
12/29;13;0.7;Mid-peak
12/29;14;0.65;Mid-peak
12/29;15;0.71;Mid-peak
12/29;16;0.74;Mid-peak
12/29;17;0.66;Mid-peak
12/29;18;0.7;On-peak
12/29;19;0.76;On-peak
12/29;20;0.66;Off-peak
12/29;21;0.64;Off-peak
12/29;22;0.63;Off-peak
12/29;23;0.44;Off-peak
12/30;0;0.53;Off-peak
12/30;1;0.31;Off-peak
12/30;2;0.31;Off-peak
12/30;3;0.28;Off-peak
12/30;4;0.26;Off-peak
12/30;5;0.29;Off-peak
12/30;6;0.28;Off-peak
12/30;7;0.27;Off-peak
12/30;8;0.27;On-peak
12/30;9;0.32;On-peak
12/30;10;0.5;On-peak
12/30;11;0.31;On-peak
12/30;12;0.26;Mid-peak
12/30;13;0.55;Mid-peak
12/30;14;0.37;Mid-peak
12/30;15;0.34;Mid-peak
12/30;16;0.66;Mid-peak
12/30;17;0.58;Mid-peak
12/30;18;0.44;On-peak
12/30;19;0.78;On-peak
12/30;20;0.55;Off-peak
12/30;21;0.58;Off-peak
12/30;22;0.47;Off-peak
12/30;23;0.51;Off-peak
12/31;0;0.31;Off-peak
12/31;1;0.42;Off-peak
12/31;2;0.32;Off-peak
12/31;3;0.29;Off-peak
12/31;4;0.29;Off-peak
12/31;5;0.31;Off-peak
12/31;6;0.29;Off-peak
12/31;7;0.27;Off-peak
12/31;8;0.29;Off-peak
12/31;9;0.31;Off-peak
12/31;10;0.37;Off-peak
12/31;11;0.46;Off-peak
12/31;12;0.26;Off-peak
12/31;13;0.27;Off-peak
12/31;14;1.99;Off-peak
12/31;15;0.49;Off-peak
12/31;16;0.48;Off-peak
12/31;17;0.43;Off-peak
12/31;18;1.04;Off-peak
12/31;19;2.37;Off-peak
12/31;20;0.34;Off-peak
12/31;21;0.32;Off-peak
12/31;22;0.29;Off-peak
12/31;23;0.29;Off-peak
1/1;0;0.4;Off-peak
1/1;1;0.29;Off-peak
1/1;2;0.35;Off-peak
1/1;3;0.3;Off-peak
1/1;4;0.29;Off-peak
1/1;5;0.29;Off-peak
1/1;6;0.3;Off-peak
1/1;7;0.27;Off-peak
1/1;8;0.28;Off-peak
1/1;9;0.29;Off-peak
1/1;10;0.52;Off-peak
1/1;11;0.7;Off-peak
1/1;12;0.7;Off-peak
1/1;13;0.7;Off-peak
1/1;14;0.83;Off-peak
1/1;15;0.63;Off-peak
1/1;16;0.43;Off-peak
1/1;17;0.3;Off-peak
1/1;18;0.77;Off-peak
1/1;19;0.67;Off-peak
1/1;20;0.59;Off-peak
1/1;21;0.42;Off-peak
1/1;22;0.49;Off-peak
1/1;23;2.84;Off-peak
1/2;0;0.46;Off-peak
1/2;1;0.35;Off-peak
1/2;2;0.29;Off-peak
1/2;3;0.29;Off-peak
1/2;4;0.31;Off-peak
1/2;5;0.3;Off-peak
1/2;6;0.3;Off-peak
1/2;7;0.51;Off-peak
1/2;8;0.48;Off-peak
1/2;9;0.4;Off-peak
1/2;10;0.4;Off-peak
1/2;11;0.32;Off-peak
1/2;12;0.3;Off-peak
1/2;13;0.29;Off-peak
1/2;14;0.5;Off-peak
1/2;15;0.36;Off-peak
1/2;16;0.34;Off-peak
1/2;17;0.36;Off-peak
1/2;18;1.88;Off-peak
1/2;19;0.61;Off-peak
1/2;20;0.49;Off-peak
1/2;21;0.51;Off-peak
1/2;22;0.52;Off-peak
1/2;23;0.49;Off-peak
1/3;0;0.41;Off-peak
1/3;1;0.38;Off-peak
1/3;2;0.32;Off-peak
1/3;3;0.31;Off-peak
1/3;4;0.3;Off-peak
1/3;5;0.35;Off-peak
1/3;6;0.3;Off-peak
1/3;7;0.31;Off-peak
1/3;8;0.4;On-peak
1/3;9;0.29;On-peak
1/3;10;0.34;On-peak
1/3;11;0.51;On-peak
1/3;12;0.43;Mid-peak
1/3;13;0.37;Mid-peak
1/3;14;0.29;Mid-peak
1/3;15;0.27;Mid-peak
1/3;16;0.29;Mid-peak
1/3;17;0.27;Mid-peak
1/3;18;0.45;On-peak
1/3;19;0.44;On-peak
1/3;20;0.52;Off-peak
1/3;21;0.61;Off-peak
1/3;22;0.56;Off-peak
1/3;23;0.42;Off-peak
1/4;0;0.44;Off-peak
1/4;1;0.27;Off-peak
1/4;2;0.28;Off-peak
1/4;3;0.27;Off-peak
1/4;4;0.3;Off-peak
1/4;5;0.39;Off-peak
1/4;6;0.3;Off-peak
1/4;7;0.42;Off-peak
1/4;8;0.44;On-peak
1/4;9;0.27;On-peak
1/4;10;0.5;On-peak
1/4;11;0.4;On-peak
1/4;12;0.51;Mid-peak
1/4;13;0.45;Mid-peak
1/4;14;0.28;Mid-peak
1/4;15;0.34;Mid-peak
1/4;16;0.36;Mid-peak
1/4;17;0.32;Mid-peak
1/4;18;0.56;On-peak
1/4;19;0.29;On-peak
1/4;20;0.3;Off-peak
1/4;21;0.45;Off-peak
1/4;22;0.65;Off-peak
1/4;23;0.6;Off-peak
1/5;0;0.45;Off-peak
1/5;1;0.37;Off-peak
1/5;2;0.41;Off-peak
1/5;3;0.31;Off-peak
1/5;4;0.3;Off-peak
1/5;5;0.32;Off-peak
1/5;6;0.31;Off-peak
1/5;7;0.31;Off-peak
1/5;8;0.3;On-peak
1/5;9;0.32;On-peak
1/5;10;0.48;On-peak
1/5;11;1.2;On-peak
1/5;12;1.01;Mid-peak
1/5;13;0.45;Mid-peak
1/5;14;0.43;Mid-peak
1/5;15;0.53;Mid-peak
1/5;16;0.45;Mid-peak
1/5;17;0.37;Mid-peak
1/5;18;0.47;On-peak
1/5;19;0.46;On-peak
1/5;20;0.47;Off-peak
1/5;21;0.46;Off-peak
1/5;22;0.45;Off-peak
1/5;23;0.47;Off-peak
1/6;0;0.45;Off-peak
1/6;1;0.34;Off-peak
1/6;2;0.3;Off-peak
1/6;3;0.29;Off-peak
1/6;4;0.32;Off-peak
1/6;5;0.31;Off-peak
1/6;6;0.3;Off-peak
1/6;7;0.31;Off-peak
1/6;8;0.41;On-peak
1/6;9;0.31;On-peak
1/6;10;0.38;On-peak
1/6;11;0.36;On-peak
1/6;12;0.39;Mid-peak
1/6;13;0.36;Mid-peak
1/6;14;0.31;Mid-peak
1/6;15;0.33;Mid-peak
1/6;16;0.45;Mid-peak
1/6;17;0.36;Mid-peak
1/6;18;0.3;On-peak
1/6;19;0.29;On-peak
1/6;20;0.4;Off-peak
1/6;21;0.38;Off-peak
1/6;22;0.48;Off-peak
1/6;23;0.44;Off-peak
1/7;0;0.32;Off-peak
1/7;1;0.35;Off-peak
1/7;2;0.31;Off-peak
1/7;3;0.3;Off-peak
1/7;4;0.31;Off-peak
1/7;5;0.32;Off-peak
1/7;6;0.3;Off-peak
1/7;7;0.3;Off-peak
1/7;8;0.29;Off-peak
1/7;9;0.38;Off-peak
1/7;10;0.5;Off-peak
1/7;11;0.42;Off-peak
1/7;12;0.28;Off-peak
1/7;13;0.49;Off-peak
1/7;14;0.43;Off-peak
1/7;15;0.57;Off-peak
1/7;16;3.71;Off-peak
1/7;17;2.2;Off-peak
1/7;18;0.56;Off-peak
1/7;19;0.4;Off-peak
1/7;20;0.59;Off-peak
1/7;21;0.32;Off-peak
1/7;22;0.33;Off-peak
1/7;23;0.29;Off-peak
1/8;0;0.52;Off-peak
1/8;1;0.31;Off-peak
1/8;2;0.32;Off-peak
1/8;3;0.27;Off-peak
1/8;4;0.29;Off-peak
1/8;5;0.38;Off-peak
1/8;6;0.27;Off-peak
1/8;7;0.27;Off-peak
1/8;8;0.26;Off-peak
1/8;9;0.3;Off-peak
1/8;10;0.28;Off-peak
1/8;11;0.3;Off-peak
1/8;12;0.51;Off-peak
1/8;13;3.91;Off-peak
1/8;14;0.54;Off-peak
1/8;15;0.4;Off-peak
1/8;16;0.4;Off-peak
1/8;17;0.33;Off-peak
1/8;18;0.35;Off-peak
1/8;19;0.37;Off-peak
1/8;20;0.36;Off-peak
1/8;21;1.17;Off-peak
1/8;22;3.66;Off-peak
1/8;23;0.5;Off-peak
1/9;0;0.44;Off-peak
1/9;1;0.36;Off-peak
1/9;2;0.31;Off-peak
1/9;3;0.25;Off-peak
1/9;4;0.28;Off-peak
1/9;5;0.27;Off-peak
1/9;6;0.27;Off-peak
1/9;7;0.29;Off-peak
1/9;8;0.37;On-peak
1/9;9;0.3;On-peak
1/9;10;0.32;On-peak
1/9;11;0.38;On-peak
1/9;12;0.54;Mid-peak
1/9;13;0.29;Mid-peak
1/9;14;0.26;Mid-peak
1/9;15;0.34;Mid-peak
1/9;16;0.34;Mid-peak
1/9;17;0.35;Mid-peak
1/9;18;0.36;On-peak
1/9;19;0.45;On-peak
1/9;20;0.51;Off-peak
1/9;21;0.54;Off-peak
1/9;22;0.45;Off-peak
1/9;23;0.43;Off-peak
1/10;0;0.38;Off-peak
1/10;1;0.29;Off-peak
1/10;2;0.3;Off-peak
1/10;3;0.24;Off-peak
1/10;4;0.28;Off-peak
1/10;5;0.28;Off-peak
1/10;6;0.27;Off-peak
1/10;7;0.37;Off-peak
1/10;8;0.26;On-peak
1/10;9;0.29;On-peak
1/10;10;0.48;On-peak
1/10;11;0.46;On-peak
1/10;12;0.43;Mid-peak
1/10;13;0.39;Mid-peak
1/10;14;0.26;Mid-peak
1/10;15;0.27;Mid-peak
1/10;16;0.29;Mid-peak
1/10;17;0.35;Mid-peak
1/10;18;0.58;On-peak
1/10;19;0.63;On-peak
1/10;20;0.49;Off-peak
1/10;21;0.51;Off-peak
1/10;22;0.48;Off-peak
1/10;23;0.47;Off-peak
1/11;0;0.4;Off-peak
1/11;1;0.34;Off-peak
1/11;2;0.32;Off-peak
1/11;3;0.29;Off-peak
1/11;4;0.33;Off-peak
1/11;5;0.33;Off-peak
1/11;6;0.3;Off-peak
1/11;7;0.42;Off-peak
1/11;8;0.31;On-peak
1/11;9;0.39;On-peak
1/11;10;0.47;On-peak
1/11;11;0.41;On-peak
1/11;12;0.42;Mid-peak
1/11;13;0.41;Mid-peak
1/11;14;0.33;Mid-peak
1/11;15;0.32;Mid-peak
1/11;16;0.28;Mid-peak
1/11;17;0.35;Mid-peak
1/11;18;0.63;On-peak
1/11;19;0.46;On-peak
1/11;20;0.59;Off-peak
1/11;21;0.54;Off-peak
1/11;22;0.64;Off-peak
1/11;23;0.54;Off-peak
1/12;0;0.47;Off-peak
1/12;1;0.32;Off-peak
1/12;2;0.29;Off-peak
1/12;3;0.3;Off-peak
1/12;4;0.29;Off-peak
1/12;5;0.32;Off-peak
1/12;6;0.28;Off-peak
1/12;7;0.33;Off-peak
1/12;8;0.32;On-peak
1/12;9;0.34;On-peak
1/12;10;0.39;On-peak
1/12;11;0.36;On-peak
1/12;12;0.63;Mid-peak
1/12;13;0.61;Mid-peak
1/12;14;0.33;Mid-peak
1/12;15;0.32;Mid-peak
1/12;16;0.36;Mid-peak
1/12;17;0.37;Mid-peak
1/12;18;0.49;On-peak
1/12;19;0.43;On-peak
1/12;20;0.52;Off-peak
1/12;21;0.49;Off-peak
1/12;22;0.42;Off-peak
1/12;23;0.49;Off-peak
1/13;0;0.3;Off-peak
1/13;1;0.38;Off-peak
1/13;2;0.34;Off-peak
1/13;3;0.3;Off-peak
1/13;4;0.34;Off-peak
1/13;5;0.33;Off-peak
1/13;6;0.3;Off-peak
1/13;7;0.32;Off-peak
1/13;8;0.4;On-peak
1/13;9;0.28;On-peak
1/13;10;0.43;On-peak
1/13;11;0.37;On-peak
1/13;12;0.38;Mid-peak
1/13;13;0.41;Mid-peak
1/13;14;0.33;Mid-peak
1/13;15;0.28;Mid-peak
1/13;16;0.35;Mid-peak
1/13;17;0.36;Mid-peak
1/13;18;0.29;On-peak
1/13;19;0.27;On-peak
1/13;20;0.35;Off-peak
1/13;21;0.32;Off-peak
1/13;22;0.32;Off-peak
1/13;23;0.31;Off-peak
1/14;0;0.33;Off-peak
1/14;1;0.32;Off-peak
1/14;2;0.33;Off-peak
1/14;3;0.3;Off-peak
1/14;4;0.28;Off-peak
1/14;5;0.3;Off-peak
1/14;6;0.28;Off-peak
1/14;7;0.29;Off-peak
1/14;8;0.28;Off-peak
1/14;9;0.34;Off-peak
1/14;10;0.45;Off-peak
1/14;11;0.8;Off-peak
1/14;12;0.32;Off-peak
1/14;13;0.3;Off-peak
1/14;14;0.48;Off-peak
1/14;15;0.32;Off-peak
1/14;16;0.3;Off-peak
1/14;17;0.35;Off-peak
1/14;18;0.32;Off-peak
1/14;19;0.31;Off-peak
1/14;20;0.46;Off-peak
1/14;21;0.37;Off-peak
1/14;22;0.33;Off-peak
1/14;23;0.35;Off-peak
1/15;0;0.44;Off-peak
1/15;1;0.44;Off-peak
1/15;2;0.47;Off-peak
1/15;3;0.38;Off-peak
1/15;4;0.32;Off-peak
1/15;5;0.36;Off-peak
1/15;6;0.34;Off-peak
1/15;7;0.35;Off-peak
1/15;8;0.32;Off-peak
1/15;9;1.72;Off-peak
1/15;10;4.21;Off-peak
1/15;11;0.48;Off-peak
1/15;12;0.27;Off-peak
1/15;13;0.27;Off-peak
1/15;14;0.27;Off-peak
1/15;15;0.27;Off-peak
1/15;16;0.27;Off-peak
1/15;17;0.26;Off-peak
1/15;18;0.27;Off-peak
1/15;19;0.27;Off-peak
1/15;20;0.26;Off-peak
1/15;21;0.29;Off-peak
1/15;22;3.7;Off-peak
1/15;23;1.94;Off-peak
1/16;0;0.38;Off-peak
1/16;1;0.33;Off-peak
1/16;2;0.3;Off-peak
1/16;3;0.31;Off-peak
1/16;4;0.3;Off-peak
1/16;5;0.38;Off-peak
1/16;6;0.3;Off-peak
1/16;7;0.32;Off-peak
1/16;8;0.38;On-peak
1/16;9;0.28;On-peak
1/16;10;0.39;On-peak
1/16;11;0.36;On-peak
1/16;12;0.44;Mid-peak
1/16;13;0.5;Mid-peak
1/16;14;0.29;Mid-peak
1/16;15;0.29;Mid-peak
1/16;16;0.37;Mid-peak
1/16;17;0.41;Mid-peak
1/16;18;0.33;On-peak
1/16;19;0.36;On-peak
1/16;20;0.38;Off-peak
1/16;21;0.46;Off-peak
1/16;22;0.41;Off-peak
1/16;23;0.46;Off-peak
1/17;0;0.38;Off-peak
1/17;1;0.33;Off-peak
1/17;2;0.3;Off-peak
1/17;3;0.27;Off-peak
1/17;4;0.3;Off-peak
1/17;5;0.29;Off-peak
1/17;6;0.29;Off-peak
1/17;7;0.29;Off-peak
1/17;8;0.37;On-peak
1/17;9;0.27;On-peak
1/17;10;0.38;On-peak
1/17;11;1.16;On-peak
1/17;12;2.02;Mid-peak
1/17;13;0.35;Mid-peak
1/17;14;0.31;Mid-peak
1/17;15;0.32;Mid-peak
1/17;16;0.26;Mid-peak
1/17;17;0.3;Mid-peak
1/17;18;0.35;On-peak
1/17;19;0.46;On-peak
1/17;20;0.46;Off-peak
1/17;21;0.55;Off-peak
1/17;22;0.44;Off-peak
1/17;23;0.42;Off-peak
1/18;0;0.53;Off-peak
1/18;1;0.32;Off-peak
1/18;2;0.29;Off-peak
1/18;3;0.27;Off-peak
1/18;4;0.31;Off-peak
1/18;5;0.31;Off-peak
1/18;6;0.29;Off-peak
1/18;7;0.37;Off-peak
1/18;8;0.3;On-peak
1/18;9;0.27;On-peak
1/18;10;0.49;On-peak
1/18;11;0.38;On-peak
1/18;12;0.35;Mid-peak
1/18;13;0.37;Mid-peak
1/18;14;0.27;Mid-peak
1/18;15;0.27;Mid-peak
1/18;16;0.26;Mid-peak
1/18;17;0.3;Mid-peak
1/18;18;0.44;On-peak
1/18;19;0.33;On-peak
1/18;20;0.34;Off-peak
1/18;21;0.59;Off-peak
1/18;22;0.47;Off-peak
1/18;23;0.49;Off-peak
1/19;0;0.58;Off-peak
1/19;1;0.32;Off-peak
1/19;2;0.28;Off-peak
1/19;3;0.27;Off-peak
1/19;4;0.28;Off-peak
1/19;5;0.29;Off-peak
1/19;6;0.26;Off-peak
1/19;7;0.3;Off-peak
1/19;8;0.36;On-peak
1/19;9;0.38;On-peak
1/19;10;0.36;On-peak
1/19;11;0.42;On-peak
1/19;12;0.51;Mid-peak
1/19;13;0.39;Mid-peak
1/19;14;0.43;Mid-peak
1/19;15;0.38;Mid-peak
1/19;16;0.34;Mid-peak
1/19;17;0.48;Mid-peak
1/19;18;0.34;On-peak
1/19;19;0.48;On-peak
1/19;20;0.46;Off-peak
1/19;21;0.45;Off-peak
1/19;22;0.49;Off-peak
1/19;23;0.47;Off-peak
1/20;0;0.31;Off-peak
1/20;1;0.35;Off-peak
1/20;2;0.31;Off-peak
1/20;3;0.3;Off-peak
1/20;4;0.35;Off-peak
1/20;5;0.37;Off-peak
1/20;6;0.31;Off-peak
1/20;7;0.65;Off-peak
1/20;8;2.02;On-peak
1/20;9;0.36;On-peak
1/20;10;0.32;On-peak
1/20;11;0.36;On-peak
1/20;12;0.7;Mid-peak
1/20;13;0.37;Mid-peak
1/20;14;0.4;Mid-peak
1/20;15;0.37;Mid-peak
1/20;16;0.39;Mid-peak
1/20;17;0.34;Mid-peak
1/20;18;0.26;On-peak
1/20;19;0.28;On-peak
1/20;20;0.37;Off-peak
1/20;21;0.31;Off-peak
1/20;22;0.31;Off-peak
1/20;23;0.3;Off-peak
1/21;0;0.4;Off-peak
1/21;1;0.32;Off-peak
1/21;2;0.29;Off-peak
1/21;3;0.28;Off-peak
1/21;4;0.28;Off-peak
1/21;5;0.3;Off-peak
1/21;6;0.27;Off-peak
1/21;7;0.27;Off-peak
1/21;8;0.28;Off-peak
1/21;9;0.34;Off-peak
1/21;10;0.42;Off-peak
1/21;11;0.37;Off-peak
1/21;12;0.32;Off-peak
1/21;13;0.39;Off-peak
1/21;14;0.44;Off-peak
1/21;15;0.48;Off-peak
1/21;16;3.92;Off-peak
1/21;17;0.4;Off-peak
1/21;18;0.43;Off-peak
1/21;19;0.75;Off-peak
1/21;20;0.31;Off-peak
1/21;21;0.33;Off-peak
1/21;22;0.31;Off-peak
1/21;23;0.31;Off-peak
1/22;0;0.62;Off-peak
1/22;1;0.37;Off-peak
1/22;2;0.38;Off-peak
1/22;3;0.3;Off-peak
1/22;4;0.34;Off-peak
1/22;5;0.37;Off-peak
1/22;6;0.42;Off-peak
1/22;7;0.3;Off-peak
1/22;8;0.32;Off-peak
1/22;9;0.31;Off-peak
1/22;10;0.42;Off-peak
1/22;11;0.42;Off-peak
1/22;12;0.33;Off-peak
1/22;13;0.28;Off-peak
1/22;14;0.3;Off-peak
1/22;15;0.27;Off-peak
1/22;16;0.3;Off-peak
1/22;17;0.27;Off-peak
1/22;18;0.29;Off-peak
1/22;19;0.28;Off-peak
1/22;20;0.65;Off-peak
1/22;21;0.71;Off-peak
1/22;22;0.72;Off-peak
1/22;23;4.68;Off-peak
1/23;0;0.4;Off-peak
1/23;1;0.36;Off-peak
1/23;2;0.3;Off-peak
1/23;3;0.27;Off-peak
1/23;4;0.27;Off-peak
1/23;5;0.32;Off-peak
1/23;6;0.27;Off-peak
1/23;7;0.4;Off-peak
1/23;8;0.31;On-peak
1/23;9;0.26;On-peak
1/23;10;0.35;On-peak
1/23;11;0.38;On-peak
1/23;12;0.35;Mid-peak
1/23;13;0.38;Mid-peak
1/23;14;0.27;Mid-peak
1/23;15;0.26;Mid-peak
1/23;16;0.4;Mid-peak
1/23;17;0.33;Mid-peak
1/23;18;0.55;On-peak
1/23;19;0.42;On-peak
1/23;20;0.38;Off-peak
1/23;21;0.76;Off-peak
1/23;22;0.59;Off-peak
1/23;23;0.46;Off-peak
1/24;0;0.42;Off-peak
1/24;1;0.35;Off-peak
1/24;2;0.27;Off-peak
1/24;3;0.3;Off-peak
1/24;4;0.29;Off-peak
1/24;5;0.31;Off-peak
1/24;6;0.31;Off-peak
1/24;7;0.28;Off-peak
1/24;8;0.38;On-peak
1/24;9;0.3;On-peak
1/24;10;0.34;On-peak
1/24;11;0.4;On-peak
1/24;12;1.88;Mid-peak
1/24;13;0.4;Mid-peak
1/24;14;0.27;Mid-peak
1/24;15;0.28;Mid-peak
1/24;16;0.28;Mid-peak
1/24;17;0.25;Mid-peak
1/24;18;0.79;On-peak
1/24;19;0.45;On-peak
1/24;20;0.5;Off-peak
1/24;21;0.53;Off-peak
1/24;22;0.42;Off-peak
1/24;23;0.44;Off-peak
1/25;0;0.48;Off-peak
1/25;1;0.34;Off-peak
1/25;2;0.31;Off-peak
1/25;3;0.28;Off-peak
1/25;4;0.31;Off-peak
1/25;5;0.4;Off-peak
1/25;6;0.28;Off-peak
1/25;7;0.4;Off-peak
1/25;8;0.32;On-peak
1/25;9;0.31;On-peak
1/25;10;0.37;On-peak
1/25;11;1.19;On-peak
1/25;12;0.39;Mid-peak
1/25;13;0.3;Mid-peak
1/25;14;0.27;Mid-peak
1/25;15;0.28;Mid-peak
1/25;16;0.26;Mid-peak
1/25;17;0.39;Mid-peak
1/25;18;0.42;On-peak
1/25;19;0.3;On-peak
1/25;20;0.34;Off-peak
1/25;21;0.66;Off-peak
1/25;22;0.43;Off-peak
1/25;23;0.45;Off-peak
1/26;0;0.39;Off-peak
1/26;1;0.29;Off-peak
1/26;2;0.27;Off-peak
1/26;3;0.26;Off-peak
1/26;4;0.3;Off-peak
1/26;5;0.27;Off-peak
1/26;6;0.28;Off-peak
1/26;7;0.3;Off-peak
1/26;8;0.35;On-peak
1/26;9;0.33;On-peak
1/26;10;0.35;On-peak
1/26;11;0.36;On-peak
1/26;12;0.39;Mid-peak
1/26;13;0.34;Mid-peak
1/26;14;0.29;Mid-peak
1/26;15;0.28;Mid-peak
1/26;16;0.43;Mid-peak
1/26;17;0.48;Mid-peak
1/26;18;0.41;On-peak
1/26;19;0.69;On-peak
1/26;20;0.38;Off-peak
1/26;21;0.36;Off-peak
1/26;22;0.38;Off-peak
1/26;23;0.45;Off-peak
1/27;0;0.35;Off-peak
1/27;1;0.32;Off-peak
1/27;2;0.3;Off-peak
1/27;3;0.29;Off-peak
1/27;4;0.33;Off-peak
1/27;5;0.31;Off-peak
1/27;6;0.31;Off-peak
1/27;7;0.28;Off-peak
1/27;8;0.42;On-peak
1/27;9;0.25;On-peak
1/27;10;0.39;On-peak
1/27;11;0.34;On-peak
1/27;12;0.55;Mid-peak
1/27;13;0.31;Mid-peak
1/27;14;0.37;Mid-peak
1/27;15;0.34;Mid-peak
1/27;16;0.39;Mid-peak
1/27;17;0.29;Mid-peak
1/27;18;0.28;On-peak
1/27;19;0.25;On-peak
1/27;20;0.36;Off-peak
1/27;21;0.34;Off-peak
1/27;22;0.33;Off-peak
1/27;23;0.34;Off-peak
1/28;0;0.3;Off-peak
1/28;1;0.38;Off-peak
1/28;2;0.34;Off-peak
1/28;3;0.34;Off-peak
1/28;4;0.28;Off-peak
1/28;5;0.31;Off-peak
1/28;6;0.34;Off-peak
1/28;7;0.33;Off-peak
1/28;8;0.32;Off-peak
1/28;9;0.51;Off-peak
1/28;10;0.38;Off-peak
1/28;11;0.34;Off-peak
1/28;12;0.31;Off-peak
1/28;13;0.34;Off-peak
1/28;14;0.5;Off-peak
1/28;15;1.52;Off-peak
1/28;16;3.88;Off-peak
1/28;17;0.84;Off-peak
1/28;18;0.43;Off-peak
1/28;19;0.36;Off-peak
1/28;20;0.37;Off-peak
1/28;21;0.29;Off-peak
1/28;22;0.3;Off-peak
1/28;23;0.28;Off-peak
1/29;0;0.52;Off-peak
1/29;1;0.28;Off-peak
1/29;2;0.3;Off-peak
1/29;3;0.28;Off-peak
1/29;4;0.28;Off-peak
1/29;5;0.31;Off-peak
1/29;6;0.27;Off-peak
1/29;7;0.29;Off-peak
1/29;8;0.26;Off-peak
1/29;9;0.28;Off-peak
1/29;10;0.3;Off-peak
1/29;11;0.52;Off-peak
1/29;12;0.42;Off-peak
1/29;13;0.6;Off-peak
1/29;14;0.36;Off-peak
1/29;15;0.36;Off-peak
1/29;16;0.38;Off-peak
1/29;17;0.36;Off-peak
1/29;18;0.35;Off-peak
1/29;19;0.39;Off-peak
1/29;20;0.39;Off-peak
1/29;21;0.37;Off-peak
1/29;22;1.68;Off-peak
1/29;23;2.92;Off-peak
1/30;0;0.45;Off-peak
1/30;1;0.58;Off-peak
1/30;2;0.28;Off-peak
1/30;3;0.27;Off-peak
1/30;4;0.27;Off-peak
1/30;5;0.29;Off-peak
1/30;6;0.27;Off-peak
1/30;7;0.32;Off-peak
1/30;8;0.38;On-peak
1/30;9;0.37;On-peak
1/30;10;0.38;On-peak
1/30;11;0.35;On-peak
1/30;12;0.8;Mid-peak
1/30;13;0.32;Mid-peak
1/30;14;0.28;Mid-peak
1/30;15;0.31;Mid-peak
1/30;16;0.26;Mid-peak
1/30;17;0.27;Mid-peak
1/30;18;0.26;On-peak
1/30;19;0.27;On-peak
1/30;20;0.27;Off-peak
1/30;21;0.53;Off-peak
1/30;22;0.46;Off-peak
1/30;23;0.5;Off-peak
1/31;0;0.42;Off-peak
1/31;1;0.32;Off-peak
1/31;2;0.29;Off-peak
1/31;3;0.24;Off-peak
1/31;4;0.29;Off-peak
1/31;5;0.3;Off-peak
1/31;6;0.25;Off-peak
1/31;7;0.39;Off-peak
1/31;8;0.41;On-peak
1/31;9;0.47;On-peak
1/31;10;0.37;On-peak
1/31;11;0.36;On-peak
1/31;12;0.37;Mid-peak
1/31;13;0.37;Mid-peak
1/31;14;0.31;Mid-peak
1/31;15;0.28;Mid-peak
1/31;16;0.25;Mid-peak
1/31;17;0.25;Mid-peak
1/31;18;0.37;On-peak
1/31;19;0.38;On-peak
1/31;20;0.28;Off-peak
1/31;21;0.42;Off-peak
1/31;22;0.61;Off-peak
1/31;23;0.51;Off-peak
2/1;0;0.49;Off-peak
2/1;1;0.39;Off-peak
2/1;2;0.31;Off-peak
2/1;3;0.28;Off-peak
2/1;4;0.3;Off-peak
2/1;5;0.29;Off-peak
2/1;6;0.27;Off-peak
2/1;7;0.29;Off-peak
2/1;8;0.39;On-peak
2/1;9;0.26;On-peak
2/1;10;0.33;On-peak
2/1;11;0.34;On-peak
2/1;12;0.26;Mid-peak
2/1;13;0.26;Mid-peak
2/1;14;0.27;Mid-peak
2/1;15;0.25;Mid-peak
2/1;16;0.34;Mid-peak
2/1;17;0.35;Mid-peak
2/1;18;0.37;On-peak
2/1;19;0.38;On-peak
2/1;20;0.4;Off-peak
2/1;21;0.41;Off-peak
2/1;22;0.56;Off-peak
2/1;23;0.53;Off-peak
2/2;0;0.52;Off-peak
2/2;1;0.41;Off-peak
2/2;2;0.29;Off-peak
2/2;3;0.26;Off-peak
2/2;4;0.27;Off-peak
2/2;5;0.27;Off-peak
2/2;6;0.28;Off-peak
2/2;7;0.28;Off-peak
2/2;8;0.34;On-peak
2/2;9;0.26;On-peak
2/2;10;0.53;On-peak
2/2;11;0.7;On-peak
2/2;12;1.37;Mid-peak
2/2;13;0.42;Mid-peak
2/2;14;0.31;Mid-peak
2/2;15;0.32;Mid-peak
2/2;16;0.29;Mid-peak
2/2;17;0.4;Mid-peak
2/2;18;0.35;On-peak
2/2;19;0.34;On-peak
2/2;20;0.34;Off-peak
2/2;21;0.32;Off-peak
2/2;22;0.32;Off-peak
2/2;23;0.41;Off-peak
2/3;0;0.42;Off-peak
2/3;1;0.35;Off-peak
2/3;2;0.3;Off-peak
2/3;3;0.28;Off-peak
2/3;4;0.3;Off-peak
2/3;5;0.31;Off-peak
2/3;6;0.29;Off-peak
2/3;7;0.28;Off-peak
2/3;8;0.39;On-peak
2/3;9;0.28;On-peak
2/3;10;0.45;On-peak
2/3;11;0.37;On-peak
2/3;12;0.3;Mid-peak
2/3;13;0.39;Mid-peak
2/3;14;0.24;Mid-peak
2/3;15;0.28;Mid-peak
2/3;16;0.25;Mid-peak
2/3;17;0.3;Mid-peak
2/3;18;0.29;On-peak
2/3;19;0.32;On-peak
2/3;20;0.49;Off-peak
2/3;21;0.29;Off-peak
2/3;22;0.4;Off-peak
2/3;23;0.49;Off-peak
2/4;0;0.51;Off-peak
2/4;1;0.34;Off-peak
2/4;2;0.33;Off-peak
2/4;3;0.35;Off-peak
2/4;4;0.34;Off-peak
2/4;5;0.31;Off-peak
2/4;6;0.32;Off-peak
2/4;7;0.29;Off-peak
2/4;8;0.31;Off-peak
2/4;9;0.29;Off-peak
2/4;10;0.43;Off-peak
2/4;11;0.39;Off-peak
2/4;12;0.42;Off-peak
2/4;13;0.49;Off-peak
2/4;14;0.51;Off-peak
2/4;15;0.53;Off-peak
2/4;16;0.48;Off-peak
2/4;17;0.45;Off-peak
2/4;18;0.46;Off-peak
2/4;19;0.53;Off-peak
2/4;20;0.47;Off-peak
2/4;21;0.47;Off-peak
2/4;22;0.49;Off-peak
2/4;23;0.51;Off-peak
2/5;0;0.34;Off-peak
2/5;1;0.37;Off-peak
2/5;2;0.27;Off-peak
2/5;3;0.29;Off-peak
2/5;4;0.27;Off-peak
2/5;5;0.31;Off-peak
2/5;6;0.27;Off-peak
2/5;7;0.27;Off-peak
2/5;8;0.29;Off-peak
2/5;9;0.27;Off-peak
2/5;10;0.42;Off-peak
2/5;11;0.44;Off-peak
2/5;12;0.5;Off-peak
2/5;13;3.58;Off-peak
2/5;14;3.05;Off-peak
2/5;15;0.37;Off-peak
2/5;16;0.31;Off-peak
2/5;17;0.27;Off-peak
2/5;18;0.52;Off-peak
2/5;19;0.76;Off-peak
2/5;20;0.68;Off-peak
2/5;21;1.06;Off-peak
2/5;22;3.4;Off-peak
2/5;23;0.41;Off-peak
2/6;0;0.3;Off-peak
2/6;1;0.31;Off-peak
2/6;2;0.33;Off-peak
2/6;3;0.29;Off-peak
2/6;4;0.31;Off-peak
2/6;5;0.32;Off-peak
2/6;6;0.31;Off-peak
2/6;7;0.37;Off-peak
2/6;8;0.36;On-peak
2/6;9;0.28;On-peak
2/6;10;0.37;On-peak
2/6;11;0.38;On-peak
2/6;12;0.3;Mid-peak
2/6;13;0.27;Mid-peak
2/6;14;0.33;Mid-peak
2/6;15;0.31;Mid-peak
2/6;16;0.25;Mid-peak
2/6;17;0.27;Mid-peak
2/6;18;0.27;On-peak
2/6;19;0.5;On-peak
2/6;20;0.55;Off-peak
2/6;21;0.46;Off-peak
2/6;22;0.62;Off-peak
2/6;23;0.4;Off-peak
2/7;0;0.45;Off-peak
2/7;1;0.32;Off-peak
2/7;2;0.32;Off-peak
2/7;3;0.29;Off-peak
2/7;4;0.3;Off-peak
2/7;5;0.3;Off-peak
2/7;6;0.31;Off-peak
2/7;7;0.31;Off-peak
2/7;8;0.39;On-peak
2/7;9;0.29;On-peak
2/7;10;0.3;On-peak
2/7;11;0.36;On-peak
2/7;12;1.56;Mid-peak
2/7;13;0.37;Mid-peak
2/7;14;0.28;Mid-peak
2/7;15;0.29;Mid-peak
2/7;16;0.26;Mid-peak
2/7;17;0.29;Mid-peak
2/7;18;0.36;On-peak
2/7;19;0.47;On-peak
2/7;20;0.52;Off-peak
2/7;21;0.52;Off-peak
2/7;22;0.45;Off-peak
2/7;23;0.56;Off-peak
2/8;0;0.47;Off-peak
2/8;1;0.4;Off-peak
2/8;2;0.36;Off-peak
2/8;3;0.32;Off-peak
2/8;4;0.33;Off-peak
2/8;5;0.33;Off-peak
2/8;6;0.33;Off-peak
2/8;7;0.35;Off-peak
2/8;8;0.42;On-peak
2/8;9;0.27;On-peak
2/8;10;0.36;On-peak
2/8;11;0.36;On-peak
2/8;12;0.73;Mid-peak
2/8;13;0.49;Mid-peak
2/8;14;0.27;Mid-peak
2/8;15;0.31;Mid-peak
2/8;16;0.37;Mid-peak
2/8;17;0.38;Mid-peak
2/8;18;0.44;On-peak
2/8;19;0.47;On-peak
2/8;20;0.4;Off-peak
2/8;21;0.47;Off-peak
2/8;22;0.5;Off-peak
2/8;23;0.48;Off-peak
2/9;0;0.44;Off-peak
2/9;1;0.4;Off-peak
2/9;2;0.33;Off-peak
2/9;3;0.3;Off-peak
2/9;4;0.31;Off-peak
2/9;5;0.32;Off-peak
2/9;6;0.31;Off-peak
2/9;7;0.31;Off-peak
2/9;8;0.41;On-peak
2/9;9;0.52;On-peak
2/9;10;0.37;On-peak
2/9;11;0.34;On-peak
2/9;12;0.37;Mid-peak
2/9;13;0.34;Mid-peak
2/9;14;0.33;Mid-peak
2/9;15;0.35;Mid-peak
2/9;16;0.32;Mid-peak
2/9;17;0.38;Mid-peak
2/9;18;0.38;On-peak
2/9;19;0.46;On-peak
2/9;20;0.5;Off-peak
2/9;21;0.5;Off-peak
2/9;22;0.46;Off-peak
2/9;23;0.43;Off-peak
2/10;0;0.36;Off-peak
2/10;1;0.35;Off-peak
2/10;2;0.33;Off-peak
2/10;3;0.3;Off-peak
2/10;4;0.31;Off-peak
2/10;5;0.31;Off-peak
2/10;6;0.29;Off-peak
2/10;7;0.31;Off-peak
2/10;8;0.38;On-peak
2/10;9;0.31;On-peak
2/10;10;0.35;On-peak
2/10;11;0.96;On-peak
2/10;12;1.38;Mid-peak
2/10;13;0.44;Mid-peak
2/10;14;0.35;Mid-peak
2/10;15;0.33;Mid-peak
2/10;16;0.36;Mid-peak
2/10;17;0.39;Mid-peak
2/10;18;0.31;On-peak
2/10;19;0.29;On-peak
2/10;20;0.32;Off-peak
2/10;21;0.3;Off-peak
2/10;22;0.31;Off-peak
2/10;23;0.4;Off-peak
2/11;0;0.41;Off-peak
2/11;1;0.32;Off-peak
2/11;2;0.29;Off-peak
2/11;3;0.29;Off-peak
2/11;4;0.31;Off-peak
2/11;5;0.31;Off-peak
2/11;6;0.36;Off-peak
2/11;7;0.29;Off-peak
2/11;8;0.29;Off-peak
2/11;9;0.28;Off-peak
2/11;10;0.35;Off-peak
2/11;11;0.73;Off-peak
2/11;12;0.37;Off-peak
2/11;13;0.52;Off-peak
2/11;14;0.35;Off-peak
2/11;15;0.33;Off-peak
2/11;16;0.38;Off-peak
2/11;17;0.48;Off-peak
2/11;18;0.37;Off-peak
2/11;19;0.34;Off-peak
2/11;20;0.46;Off-peak
2/11;21;0.45;Off-peak
2/11;22;0.41;Off-peak
2/11;23;0.42;Off-peak
2/12;0;0.33;Off-peak
2/12;1;0.35;Off-peak
2/12;2;0.34;Off-peak
2/12;3;0.32;Off-peak
2/12;4;0.31;Off-peak
2/12;5;0.33;Off-peak
2/12;6;0.31;Off-peak
2/12;7;0.3;Off-peak
2/12;8;0.32;Off-peak
2/12;9;0.35;Off-peak
2/12;10;0.56;Off-peak
2/12;11;0.83;Off-peak
2/12;12;5.34;Off-peak
2/12;13;3.92;Off-peak
2/12;14;1.88;Off-peak
2/12;15;1.14;Off-peak
2/12;16;0.95;Off-peak
2/12;17;0.44;Off-peak
2/12;18;0.33;Off-peak
2/12;19;0.3;Off-peak
2/12;20;0.29;Off-peak
2/12;21;0.3;Off-peak
2/12;22;0.3;Off-peak
2/12;23;0.54;Off-peak
2/13;0;0.49;Off-peak
2/13;1;0.31;Off-peak
2/13;2;0.3;Off-peak
2/13;3;0.3;Off-peak
2/13;4;0.31;Off-peak
2/13;5;0.32;Off-peak
2/13;6;0.3;Off-peak
2/13;7;0.29;Off-peak
2/13;8;0.47;On-peak
2/13;9;1.02;On-peak
2/13;10;1.13;On-peak
2/13;11;0.41;On-peak
2/13;12;0.38;Mid-peak
2/13;13;0.34;Mid-peak
2/13;14;0.32;Mid-peak
2/13;15;0.4;Mid-peak
2/13;16;0.36;Mid-peak
2/13;17;0.35;Mid-peak
2/13;18;0.29;On-peak
2/13;19;0.37;On-peak
2/13;20;0.29;Off-peak
2/13;21;0.54;Off-peak
2/13;22;0.48;Off-peak
2/13;23;0.56;Off-peak
2/14;0;0.48;Off-peak
2/14;1;0.38;Off-peak
2/14;2;0.27;Off-peak
2/14;3;0.29;Off-peak
2/14;4;0.37;Off-peak
2/14;5;0.34;Off-peak
2/14;6;0.31;Off-peak
2/14;7;0.4;Off-peak
2/14;8;0.29;On-peak
2/14;9;0.39;On-peak
2/14;10;0.35;On-peak
2/14;11;0.39;On-peak
2/14;12;0.36;Mid-peak
2/14;13;0.31;Mid-peak
2/14;14;0.35;Mid-peak
2/14;15;0.36;Mid-peak
2/14;16;0.34;Mid-peak
2/14;17;0.39;Mid-peak
2/14;18;0.45;On-peak
2/14;19;0.45;On-peak
2/14;20;0.62;Off-peak
2/14;21;0.5;Off-peak
2/14;22;0.56;Off-peak
2/14;23;0.48;Off-peak
2/15;0;0.57;Off-peak
2/15;1;0.35;Off-peak
2/15;2;0.31;Off-peak
2/15;3;0.29;Off-peak
2/15;4;0.3;Off-peak
2/15;5;0.31;Off-peak
2/15;6;0.29;Off-peak
2/15;7;0.41;Off-peak
2/15;8;0.27;On-peak
2/15;9;0.26;On-peak
2/15;10;0.37;On-peak
2/15;11;0.32;On-peak
2/15;12;0.35;Mid-peak
2/15;13;0.32;Mid-peak
2/15;14;0.25;Mid-peak
2/15;15;0.3;Mid-peak
2/15;16;0.31;Mid-peak
2/15;17;0.46;Mid-peak
2/15;18;0.35;On-peak
2/15;19;0.87;On-peak
2/15;20;0.57;Off-peak
2/15;21;0.55;Off-peak
2/15;22;0.52;Off-peak
2/15;23;0.47;Off-peak
2/16;0;0.63;Off-peak
2/16;1;0.5;Off-peak
2/16;2;0.34;Off-peak
2/16;3;0.3;Off-peak
2/16;4;0.31;Off-peak
2/16;5;0.31;Off-peak
2/16;6;0.29;Off-peak
2/16;7;0.3;Off-peak
2/16;8;0.39;On-peak
2/16;9;0.27;On-peak
2/16;10;0.36;On-peak
2/16;11;0.38;On-peak
2/16;12;0.36;Mid-peak
2/16;13;0.4;Mid-peak
2/16;14;0.35;Mid-peak
2/16;15;0.43;Mid-peak
2/16;16;0.48;Mid-peak
2/16;17;1.2;Mid-peak
2/16;18;1.6;On-peak
2/16;19;0.33;On-peak
2/16;20;0.3;Off-peak
2/16;21;0.36;Off-peak
2/16;22;0.46;Off-peak
2/16;23;0.55;Off-peak
2/17;0;0.26;Off-peak
2/17;1;0.48;Off-peak
2/17;2;0.31;Off-peak
2/17;3;0.28;Off-peak
2/17;4;0.3;Off-peak
2/17;5;0.36;Off-peak
2/17;6;0.33;Off-peak
2/17;7;0.34;Off-peak
2/17;8;0.28;On-peak
2/17;9;0.34;On-peak
2/17;10;0.39;On-peak
2/17;11;0.52;On-peak
2/17;12;2.21;Mid-peak
2/17;13;0.29;Mid-peak
2/17;14;0.28;Mid-peak
2/17;15;0.27;Mid-peak
2/17;16;0.27;Mid-peak
2/17;17;0.26;Mid-peak
2/17;18;0.26;On-peak
2/17;19;0.28;On-peak
2/17;20;0.27;Off-peak
2/17;21;0.26;Off-peak
2/17;22;0.28;Off-peak
2/17;23;0.28;Off-peak
2/18;0;0.27;Off-peak
2/18;1;0.27;Off-peak
2/18;2;0.27;Off-peak
2/18;3;0.28;Off-peak
2/18;4;0.29;Off-peak
2/18;5;0.29;Off-peak
2/18;6;0.29;Off-peak
2/18;7;0.26;Off-peak
2/18;8;0.27;Off-peak
2/18;9;0.28;Off-peak
2/18;10;0.28;Off-peak
2/18;11;0.26;Off-peak
2/18;12;0.28;Off-peak
2/18;13;0.27;Off-peak
2/18;14;0.27;Off-peak
2/18;15;0.27;Off-peak
2/18;16;0.29;Off-peak
2/18;17;0.27;Off-peak
2/18;18;0.27;Off-peak
2/18;19;0.27;Off-peak
2/18;20;0.28;Off-peak
2/18;21;0.37;Off-peak
2/18;22;0.27;Off-peak
2/18;23;0.28;Off-peak
2/19;0;0.26;Off-peak
2/19;1;0.25;Off-peak
2/19;2;0.29;Off-peak
2/19;3;0.28;Off-peak
2/19;4;0.28;Off-peak
2/19;5;0.3;Off-peak
2/19;6;0.28;Off-peak
2/19;7;0.27;Off-peak
2/19;8;0.3;Off-peak
2/19;9;0.28;Off-peak
2/19;10;0.27;Off-peak
2/19;11;0.29;Off-peak
2/19;12;0.28;Off-peak
2/19;13;0.28;Off-peak
2/19;14;0.27;Off-peak
2/19;15;0.29;Off-peak
2/19;16;0.27;Off-peak
2/19;17;0.27;Off-peak
2/19;18;0.28;Off-peak
2/19;19;0.27;Off-peak
2/19;20;0.28;Off-peak
2/19;21;0.27;Off-peak
2/19;22;0.28;Off-peak
2/19;23;0.28;Off-peak
2/20;0;0.27;Off-peak
2/20;1;0.28;Off-peak
2/20;2;0.29;Off-peak
2/20;3;0.27;Off-peak
2/20;4;0.3;Off-peak
2/20;5;0.31;Off-peak
2/20;6;0.27;Off-peak
2/20;7;0.3;Off-peak
2/20;8;0.28;Off-peak
2/20;9;0.28;Off-peak
2/20;10;0.28;Off-peak
2/20;11;0.29;Off-peak
2/20;12;0.28;Off-peak
2/20;13;0.27;Off-peak
2/20;14;0.34;Off-peak
2/20;15;0.31;Off-peak
2/20;16;0.25;Off-peak
2/20;17;0.27;Off-peak
2/20;18;0.28;Off-peak
2/20;19;0.26;Off-peak
2/20;20;0.27;Off-peak
2/20;21;0.27;Off-peak
2/20;22;0.29;Off-peak
2/20;23;0.26;Off-peak
2/21;0;3.4;Off-peak
2/21;1;0.28;Off-peak
2/21;2;0.26;Off-peak
2/21;3;0.28;Off-peak
2/21;4;0.3;Off-peak
2/21;5;0.28;Off-peak
2/21;6;0.28;Off-peak
2/21;7;0.29;Off-peak
2/21;8;0.27;On-peak
2/21;9;0.28;On-peak
2/21;10;0.29;On-peak
2/21;11;0.28;On-peak
2/21;12;0.28;Mid-peak
2/21;13;0.28;Mid-peak
2/21;14;0.28;Mid-peak
2/21;15;0.27;Mid-peak
2/21;16;0.31;Mid-peak
2/21;17;0.4;Mid-peak
2/21;18;0.48;On-peak
2/21;19;0.54;On-peak
2/21;20;0.45;Off-peak
2/21;21;0.45;Off-peak
2/21;22;0.48;Off-peak
2/21;23;1.03;Off-peak
2/22;0;0.37;Off-peak
2/22;1;0.42;Off-peak
2/22;2;0.31;Off-peak
2/22;3;0.28;Off-peak
2/22;4;0.32;Off-peak
2/22;5;0.3;Off-peak
2/22;6;0.37;Off-peak
2/22;7;0.35;Off-peak
2/22;8;0.34;On-peak
2/22;9;0.41;On-peak
2/22;10;0.42;On-peak
2/22;11;0.3;On-peak
2/22;12;0.3;Mid-peak
2/22;13;0.28;Mid-peak
2/22;14;0.26;Mid-peak
2/22;15;0.27;Mid-peak
2/22;16;0.28;Mid-peak
2/22;17;0.27;Mid-peak
2/22;18;0.27;On-peak
2/22;19;0.28;On-peak
2/22;20;0.49;Off-peak
2/22;21;0.48;Off-peak
2/22;22;0.43;Off-peak
2/22;23;0.45;Off-peak
2/23;0;0.45;Off-peak
2/23;1;0.31;Off-peak
2/23;2;0.29;Off-peak
2/23;3;0.31;Off-peak
2/23;4;0.3;Off-peak
2/23;5;0.33;Off-peak
2/23;6;0.3;Off-peak
2/23;7;0.31;Off-peak
2/23;8;0.29;On-peak
2/23;9;0.35;On-peak
2/23;10;0.33;On-peak
2/23;11;0.29;On-peak
2/23;12;0.26;Mid-peak
2/23;13;0.27;Mid-peak
2/23;14;0.26;Mid-peak
2/23;15;0.27;Mid-peak
2/23;16;0.27;Mid-peak
2/23;17;0.26;Mid-peak
2/23;18;0.28;On-peak
2/23;19;0.27;On-peak
2/23;20;0.39;Off-peak
2/23;21;0.44;Off-peak
2/23;22;0.42;Off-peak
2/23;23;0.45;Off-peak
2/24;0;0.37;Off-peak
2/24;1;0.29;Off-peak
2/24;2;0.31;Off-peak
2/24;3;0.28;Off-peak
2/24;4;0.32;Off-peak
2/24;5;0.3;Off-peak
2/24;6;0.3;Off-peak
2/24;7;0.3;Off-peak
2/24;8;0.35;On-peak
2/24;9;0.47;On-peak
2/24;10;0.4;On-peak
2/24;11;0.43;On-peak
2/24;12;0.67;Mid-peak
2/24;13;1.77;Mid-peak
2/24;14;1.39;Mid-peak
2/24;15;0.39;Mid-peak
2/24;16;0.39;Mid-peak
2/24;17;0.38;Mid-peak
2/24;18;0.33;On-peak
2/24;19;0.32;On-peak
2/24;20;1.43;Off-peak
2/24;21;0.39;Off-peak
2/24;22;0.43;Off-peak
2/24;23;0.43;Off-peak
2/25;0;0.39;Off-peak
2/25;1;0.31;Off-peak
2/25;2;0.3;Off-peak
2/25;3;0.3;Off-peak
2/25;4;0.33;Off-peak
2/25;5;0.31;Off-peak
2/25;6;0.31;Off-peak
2/25;7;0.29;Off-peak
2/25;8;0.27;Off-peak
2/25;9;0.38;Off-peak
2/25;10;0.43;Off-peak
2/25;11;0.31;Off-peak
2/25;12;0.3;Off-peak
2/25;13;0.3;Off-peak
2/25;14;0.29;Off-peak
2/25;15;0.29;Off-peak
2/25;16;0.3;Off-peak
2/25;17;0.38;Off-peak
2/25;18;0.46;Off-peak
2/25;19;0.48;Off-peak
2/25;20;0.42;Off-peak
2/25;21;0.4;Off-peak
2/25;22;0.44;Off-peak
2/25;23;0.47;Off-peak
2/26;0;2.59;Off-peak
2/26;1;0.36;Off-peak
2/26;2;0.35;Off-peak
2/26;3;0.33;Off-peak
2/26;4;0.35;Off-peak
2/26;5;0.34;Off-peak
2/26;6;0.29;Off-peak
2/26;7;0.27;Off-peak
2/26;8;0.28;Off-peak
2/26;9;0.28;Off-peak
2/26;10;0.37;Off-peak
2/26;11;0.66;Off-peak
2/26;12;0.48;Off-peak
2/26;13;0.46;Off-peak
2/26;14;0.42;Off-peak
2/26;15;4.21;Off-peak
2/26;16;2.87;Off-peak
2/26;17;0.32;Off-peak
2/26;18;0.31;Off-peak
2/26;19;0.5;Off-peak
2/26;20;0.32;Off-peak
2/26;21;0.31;Off-peak
2/26;22;0.31;Off-peak
2/26;23;1.66;Off-peak
2/27;0;0.28;Off-peak
2/27;1;0.31;Off-peak
2/27;2;0.29;Off-peak
2/27;3;0.28;Off-peak
2/27;4;0.3;Off-peak
2/27;5;0.31;Off-peak
2/27;6;0.28;Off-peak
2/27;7;0.3;Off-peak
2/27;8;0.45;On-peak
2/27;9;0.61;On-peak
2/27;10;0.57;On-peak
2/27;11;0.6;On-peak
2/27;12;1.65;Mid-peak
2/27;13;0.46;Mid-peak
2/27;14;0.46;Mid-peak
2/27;15;0.4;Mid-peak
2/27;16;0.36;Mid-peak
2/27;17;0.3;Mid-peak
2/27;18;0.35;On-peak
2/27;19;0.58;On-peak
2/27;20;0.5;Off-peak
2/27;21;0.43;Off-peak
2/27;22;0.42;Off-peak
2/27;23;0.31;Off-peak
2/28;0;0.32;Off-peak
2/28;1;0.29;Off-peak
2/28;2;0.28;Off-peak
2/28;3;0.29;Off-peak
2/28;4;0.29;Off-peak
2/28;5;0.3;Off-peak
2/28;6;0.39;Off-peak
2/28;7;0.43;Off-peak
2/28;8;0.53;On-peak
2/28;9;0.31;On-peak
2/28;10;0.37;On-peak
2/28;11;0.44;On-peak
2/28;12;0.43;Mid-peak
2/28;13;0.42;Mid-peak
2/28;14;0.39;Mid-peak
2/28;15;0.44;Mid-peak
2/28;16;0.39;Mid-peak
2/28;17;0.4;Mid-peak
2/28;18;0.48;On-peak
2/28;19;0.45;On-peak
2/28;20;0.51;Off-peak
2/28;21;0.45;Off-peak
2/28;22;0.55;Off-peak
2/28;23;0.44;Off-peak
2/29;0;0.34;Off-peak
2/29;1;0.29;Off-peak
2/29;2;0.29;Off-peak
2/29;3;0.28;Off-peak
2/29;4;0.31;Off-peak
2/29;5;0.31;Off-peak
2/29;6;0.31;Off-peak
2/29;7;0.37;Off-peak
2/29;8;0.43;On-peak
2/29;9;0.4;On-peak
2/29;10;0.4;On-peak
2/29;11;0.48;On-peak
2/29;12;1.69;Mid-peak
2/29;13;2.73;Mid-peak
2/29;14;0.35;Mid-peak
2/29;15;0.3;Mid-peak
2/29;16;0.41;Mid-peak
2/29;17;0.37;Mid-peak
2/29;18;0.34;On-peak
2/29;19;1.23;On-peak
2/29;20;0.45;Off-peak
2/29;21;0.54;Off-peak
2/29;22;0.67;Off-peak
2/29;23;0.53;Off-peak
3/1;0;0.39;Off-peak
3/1;1;0.28;Off-peak
3/1;2;0.3;Off-peak
3/1;3;0.29;Off-peak
3/1;4;0.31;Off-peak
3/1;5;0.31;Off-peak
3/1;6;0.28;Off-peak
3/1;7;0.3;Off-peak
3/1;8;0.43;On-peak
3/1;9;0.32;On-peak
3/1;10;0.32;On-peak
3/1;11;0.3;On-peak
3/1;12;0.56;Mid-peak
3/1;13;0.36;Mid-peak
3/1;14;0.39;Mid-peak
3/1;15;0.6;Mid-peak
3/1;16;0.42;Mid-peak
3/1;17;0.46;Mid-peak
3/1;18;0.38;On-peak
3/1;19;0.4;On-peak
3/1;20;0.56;Off-peak
3/1;21;0.46;Off-peak
3/1;22;0.43;Off-peak
3/1;23;0.57;Off-peak
3/2;0;0.39;Off-peak
3/2;1;0.32;Off-peak
3/2;2;0.31;Off-peak
3/2;3;0.38;Off-peak
3/2;4;0.36;Off-peak
3/2;5;0.34;Off-peak
3/2;6;0.33;Off-peak
3/2;7;0.32;Off-peak
3/2;8;0.4;On-peak
3/2;9;0.49;On-peak
3/2;10;0.34;On-peak
3/2;11;1.26;On-peak
3/2;12;0.82;Mid-peak
3/2;13;0.52;Mid-peak
3/2;14;0.4;Mid-peak
3/2;15;0.46;Mid-peak
3/2;16;0.51;Mid-peak
3/2;17;0.41;Mid-peak
3/2;18;0.47;On-peak
3/2;19;0.48;On-peak
3/2;20;0.46;Off-peak
3/2;21;0.59;Off-peak
3/2;22;0.44;Off-peak
3/2;23;0.42;Off-peak
3/3;0;0.44;Off-peak
3/3;1;0.31;Off-peak
3/3;2;0.28;Off-peak
3/3;3;0.3;Off-peak
3/3;4;0.3;Off-peak
3/3;5;0.31;Off-peak
3/3;6;0.31;Off-peak
3/3;7;0.29;Off-peak
3/3;8;0.3;Off-peak
3/3;9;0.36;Off-peak
3/3;10;0.44;Off-peak
3/3;11;0.37;Off-peak
3/3;12;0.45;Off-peak
3/3;13;0.4;Off-peak
3/3;14;0.35;Off-peak
3/3;15;0.44;Off-peak
3/3;16;0.37;Off-peak
3/3;17;0.39;Off-peak
3/3;18;0.43;Off-peak
3/3;19;0.42;Off-peak
3/3;20;0.41;Off-peak
3/3;21;0.43;Off-peak
3/3;22;0.36;Off-peak
3/3;23;0.41;Off-peak
3/4;0;0.45;Off-peak
3/4;1;0.4;Off-peak
3/4;2;0.31;Off-peak
3/4;3;0.26;Off-peak
3/4;4;0.32;Off-peak
3/4;5;0.31;Off-peak
3/4;6;0.29;Off-peak
3/4;7;0.31;Off-peak
3/4;8;0.3;Off-peak
3/4;9;0.33;Off-peak
3/4;10;0.31;Off-peak
3/4;11;0.44;Off-peak
3/4;12;0.61;Off-peak
3/4;13;5.45;Off-peak
3/4;14;1.15;Off-peak
3/4;15;0.43;Off-peak
3/4;16;0.34;Off-peak
3/4;17;0.32;Off-peak
3/4;18;0.34;Off-peak
3/4;19;1.6;Off-peak
3/4;20;0.83;Off-peak
3/4;21;1.66;Off-peak
3/4;22;3.53;Off-peak
3/4;23;0.62;Off-peak
3/5;0;0.43;Off-peak
3/5;1;0.34;Off-peak
3/5;2;0.28;Off-peak
3/5;3;0.28;Off-peak
3/5;4;0.29;Off-peak
3/5;5;0.42;Off-peak
3/5;6;0.32;Off-peak
3/5;7;0.3;Off-peak
3/5;8;0.4;On-peak
3/5;9;0.32;On-peak
3/5;10;0.33;On-peak
3/5;11;0.32;On-peak
3/5;12;0.61;Mid-peak
3/5;13;0.33;Mid-peak
3/5;14;0.28;Mid-peak
3/5;15;0.27;Mid-peak
3/5;16;0.31;Mid-peak
3/5;17;0.33;Mid-peak
3/5;18;0.27;On-peak
3/5;19;0.28;On-peak
3/5;20;0.28;Off-peak
3/5;21;0.3;Off-peak
3/5;22;0.35;Off-peak
3/5;23;0.4;Off-peak
3/6;0;0.42;Off-peak
3/6;1;0.27;Off-peak
3/6;2;0.27;Off-peak
3/6;3;0.28;Off-peak
3/6;4;0.28;Off-peak
3/6;5;0.31;Off-peak
3/6;6;0.28;Off-peak
3/6;7;0.38;Off-peak
3/6;8;0.45;On-peak
3/6;9;0.39;On-peak
3/6;10;0.43;On-peak
3/6;11;0.28;On-peak
3/6;12;0.27;Mid-peak
3/6;13;0.27;Mid-peak
3/6;14;0.27;Mid-peak
3/6;15;0.26;Mid-peak
3/6;16;0.28;Mid-peak
3/6;17;0.26;Mid-peak
3/6;18;0.26;On-peak
3/6;19;0.32;On-peak
3/6;20;0.3;Off-peak
3/6;21;0.35;Off-peak
3/6;22;0.43;Off-peak
3/6;23;0.42;Off-peak
3/7;0;0.3;Off-peak
3/7;1;0.37;Off-peak
3/7;2;0.28;Off-peak
3/7;3;0.29;Off-peak
3/7;4;0.31;Off-peak
3/7;5;0.31;Off-peak
3/7;6;0.28;Off-peak
3/7;7;0.29;Off-peak
3/7;8;0.29;On-peak
3/7;9;0.33;On-peak
3/7;10;0.41;On-peak
3/7;11;0.39;On-peak
3/7;12;1.71;Mid-peak
3/7;13;0.46;Mid-peak
3/7;14;0.31;Mid-peak
3/7;15;0.3;Mid-peak
3/7;16;0.34;Mid-peak
3/7;17;0.35;Mid-peak
3/7;18;0.28;On-peak
3/7;19;0.27;On-peak
3/7;20;0.28;Off-peak
3/7;21;0.27;Off-peak
3/7;22;0.28;Off-peak
3/7;23;0.28;Off-peak
3/8;0;0.42;Off-peak
3/8;1;0.38;Off-peak
3/8;2;0.32;Off-peak
3/8;3;0.29;Off-peak
3/8;4;0.3;Off-peak
3/8;5;0.29;Off-peak
3/8;6;0.28;Off-peak
3/8;7;0.29;Off-peak
3/8;8;0.3;On-peak
3/8;9;0.46;On-peak
3/8;10;0.35;On-peak
3/8;11;0.29;On-peak
3/8;12;0.29;Mid-peak
3/8;13;0.27;Mid-peak
3/8;14;0.7;Mid-peak
3/8;15;0.33;Mid-peak
3/8;16;0.4;Mid-peak
3/8;17;0.43;Mid-peak
3/8;18;0.39;On-peak
3/8;19;0.35;On-peak
3/8;20;0.34;Off-peak
3/8;21;0.32;Off-peak
3/8;22;0.35;Off-peak
3/8;23;0.4;Off-peak
3/9;0;0.38;Off-peak
3/9;1;0.28;Off-peak
3/9;2;0.27;Off-peak
3/9;3;0.26;Off-peak
3/9;4;0.28;Off-peak
3/9;5;0.28;Off-peak
3/9;6;0.28;Off-peak
3/9;7;0.27;Off-peak
3/9;8;0.39;On-peak
3/9;9;0.34;On-peak
3/9;10;0.35;On-peak
3/9;11;0.35;On-peak
3/9;12;0.52;Mid-peak
3/9;13;0.37;Mid-peak
3/9;14;0.35;Mid-peak
3/9;15;0.36;Mid-peak
3/9;16;0.32;Mid-peak
3/9;17;0.27;Mid-peak
3/9;18;0.3;On-peak
3/9;19;0.29;On-peak
3/9;20;0.39;Off-peak
3/9;21;0.31;Off-peak
3/9;22;0.38;Off-peak
3/9;23;0.41;Off-peak
3/10;0;0.34;Off-peak
3/10;1;0.31;Off-peak
3/10;2;0.29;Off-peak
3/10;3;0.31;Off-peak
3/10;4;0.3;Off-peak
3/10;5;0.35;Off-peak
3/10;6;0.29;Off-peak
3/10;7;0.31;Off-peak
3/10;8;0.49;Off-peak
3/10;9;0.4;Off-peak
3/10;10;0.32;Off-peak
3/10;11;0.35;Off-peak
3/10;12;0.36;Off-peak
3/10;13;0.31;Off-peak
3/10;14;0.34;Off-peak
3/10;15;0.49;Off-peak
3/10;16;0.35;Off-peak
3/10;17;2.77;Off-peak
3/10;18;4.41;Off-peak
3/10;19;0.44;Off-peak
3/10;20;0.34;Off-peak
3/10;21;0.33;Off-peak
3/10;22;0.34;Off-peak
3/10;23;0.33;Off-peak
3/11;0;0.47;Off-peak
3/11;1;0.34;Off-peak
3/11;3;0.32;Off-peak
3/11;4;0.3;Off-peak
3/11;5;0.28;Off-peak
3/11;6;0.29;Off-peak
3/11;7;0.28;Off-peak
3/11;8;0.26;Off-peak
3/11;9;0.28;Off-peak
3/11;10;0.63;Off-peak
3/11;11;0.49;Off-peak
3/11;12;0.64;Off-peak
3/11;13;3.72;Off-peak
3/11;14;1.87;Off-peak
3/11;15;0.43;Off-peak
3/11;16;0.41;Off-peak
3/11;17;0.44;Off-peak
3/11;18;0.35;Off-peak
3/11;19;0.32;Off-peak
3/11;20;0.31;Off-peak
3/11;21;0.43;Off-peak
3/11;22;0.43;Off-peak
3/11;23;0.42;Off-peak
3/12;0;0.45;Off-peak
3/12;1;0.52;Off-peak
3/12;2;0.3;Off-peak
3/12;3;0.3;Off-peak
3/12;4;0.29;Off-peak
3/12;5;0.29;Off-peak
3/12;6;0.3;Off-peak
3/12;7;0.29;Off-peak
3/12;8;0.55;On-peak
3/12;9;0.4;On-peak
3/12;10;0.4;On-peak
3/12;11;0.62;On-peak
3/12;12;1.41;Mid-peak
3/12;13;1.93;Mid-peak
3/12;14;0.43;Mid-peak
3/12;15;0.38;Mid-peak
3/12;16;0.3;Mid-peak
3/12;17;0.31;Mid-peak
3/12;18;0.28;On-peak
3/12;19;0.36;On-peak
3/12;20;0.37;Off-peak
3/12;21;0.54;Off-peak
3/12;22;0.54;Off-peak
3/12;23;0.42;Off-peak
3/13;0;0.36;Off-peak
3/13;1;0.34;Off-peak
3/13;2;0.25;Off-peak
3/13;3;0.26;Off-peak
3/13;4;0.27;Off-peak
3/13;5;0.25;Off-peak
3/13;6;0.3;Off-peak
3/13;7;0.27;Off-peak
3/13;8;0.41;On-peak
3/13;9;0.27;On-peak
3/13;10;0.33;On-peak
3/13;11;0.35;On-peak
3/13;12;0.35;Mid-peak
3/13;13;0.38;Mid-peak
3/13;14;0.27;Mid-peak
3/13;15;0.26;Mid-peak
3/13;16;0.25;Mid-peak
3/13;17;0.26;Mid-peak
3/13;18;0.26;On-peak
3/13;19;0.32;On-peak
3/13;20;0.34;Off-peak
3/13;21;0.48;Off-peak
3/13;22;0.42;Off-peak
3/13;23;0.39;Off-peak
3/14;0;0.37;Off-peak
3/14;1;0.26;Off-peak
3/14;2;0.25;Off-peak
3/14;3;0.27;Off-peak
3/14;4;0.25;Off-peak
3/14;5;0.29;Off-peak
3/14;6;0.27;Off-peak
3/14;7;0.28;Off-peak
3/14;8;0.45;On-peak
3/14;9;0.34;On-peak
3/14;10;0.44;On-peak
3/14;11;0.38;On-peak
3/14;12;0.3;Mid-peak
3/14;13;0.28;Mid-peak
3/14;14;0.33;Mid-peak
3/14;15;0.33;Mid-peak
3/14;16;0.35;Mid-peak
3/14;17;0.34;Mid-peak
3/14;18;0.39;On-peak
3/14;19;0.41;On-peak
3/14;20;0.46;Off-peak
3/14;21;0.47;Off-peak
3/14;22;0.47;Off-peak
3/14;23;0.43;Off-peak
3/15;0;0.52;Off-peak
3/15;1;0.47;Off-peak
3/15;2;0.26;Off-peak
3/15;3;0.25;Off-peak
3/15;4;0.27;Off-peak
3/15;5;0.28;Off-peak
3/15;6;0.28;Off-peak
3/15;7;0.26;Off-peak
3/15;8;0.41;On-peak
3/15;9;0.34;On-peak
3/15;10;0.38;On-peak
3/15;11;0.35;On-peak
3/15;12;0.35;Mid-peak
3/15;13;0.35;Mid-peak
3/15;14;0.35;Mid-peak
3/15;15;0.34;Mid-peak
3/15;16;0.42;Mid-peak
3/15;17;0.38;Mid-peak
3/15;18;0.34;On-peak
3/15;19;0.36;On-peak
3/15;20;0.38;Off-peak
3/15;21;0.41;Off-peak
3/15;22;0.42;Off-peak
3/15;23;0.46;Off-peak
3/16;0;0.33;Off-peak
3/16;1;0.32;Off-peak
3/16;2;0.32;Off-peak
3/16;3;0.3;Off-peak
3/16;4;0.31;Off-peak
3/16;5;0.32;Off-peak
3/16;6;0.32;Off-peak
3/16;7;0.41;Off-peak
3/16;8;0.34;On-peak
3/16;9;0.36;On-peak
3/16;10;0.47;On-peak
3/16;11;0.44;On-peak
3/16;12;3.08;Mid-peak
3/16;13;0.75;Mid-peak
3/16;14;0.3;Mid-peak
3/16;15;0.31;Mid-peak
3/16;16;0.29;Mid-peak
3/16;17;0.31;Mid-peak
3/16;18;0.31;On-peak
3/16;19;0.3;On-peak
3/16;20;0.33;Off-peak
3/16;21;0.3;Off-peak
3/16;22;0.3;Off-peak
3/16;23;0.43;Off-peak
;;;
